Gene,logFC,pvalue
BOC,1.283260634537059,4.242524700141248e-121
BACH2,1.3343372037133125,1.4711949802375833e-109
TSHZ2,1.3106795560517253,1.818477366279455e-107
PLA2G4A,0.9825590074009432,2.017013856165346e-105
CCDC80,1.296607553998422,4.896071149683721e-104
BHLHE22,1.274430900626812,1.4444530615169693e-102
FREM1,1.320720780765937,1.4605611628313493e-100
IGF1,1.2028245000754223,2.843618143863276e-100
MFAP4,1.2373316555493818,3.417244336284586e-100
ITM2A,1.21391588027233,1.416072406646804e-99
TRABD2A,1.163328631399816,3.2845181506122136e-99
COL14A1,1.197462358113194,4.408767582531865e-99
DMD,1.1376897770219865,4.585953572817671e-99
MAP1LC3C,1.2782201886157858,4.691708215784416e-99
ABCA6,1.2426278091103857,7.171468243040272e-99
C3,1.1572374546605007,8.060760500639717e-99
ABCA9,1.2110806974703565,1.5960989245033522e-97
ABCB1,1.1931059927385106,1.6182272185460416e-97
USP44,1.1252455124204033,3.4636241053195607e-97
GIPC2,1.2097728265761756,6.162978358303749e-97
SFRP1,1.0965148055490765,8.858007619312081e-96
ENPP2,1.2014278174461719,1.1654705031936893e-95
ABCD2,1.2433410008376566,1.3188807019088924e-95
STAC,0.9570949928100686,1.522580838193781e-95
BMP6,1.1207044838192037,1.9478838719949637e-95
ABI3BP,1.1862416285576867,4.3091620140664196e-95
FLRT2,1.2095629036754558,2.494744303380409e-94
TMEM200C,1.123696862521526,2.923858381027734e-94
RGMA,0.9667015177978314,1.0310306250858892e-93
ABCA8,1.2009382787391745,1.0668587927981283e-93
TACR1,1.1761397710046004,1.8320257962821964e-93
ALDH1A2,1.256711963858772,2.324330443327512e-93
JAML,1.1845763112520393,1.0297984073881649e-92
ITIH5,1.19542690410742,1.924147903590123e-92
PPP2R2B,1.221889765073171,8.342648703228727e-92
CH25H,1.2263120450770406,8.753421566174248e-92
LRRN4CL,1.190111093639893,1.333557219243576e-91
EGFR,1.0971016108836014,1.602063331526656e-91
SVEP1,1.1294427782340641,1.8422612036499705e-91
ALDH1A1,1.1963337019352245,7.834844051186826e-91
C1S,1.2659508705581732,1.4010291882150214e-90
FAM171A1,0.9090689928009905,2.210907252519494e-90
GLI1,1.227629134063013,3.267037050142694e-90
RUNX3,1.0647508918550168,8.680538768788308e-90
CLDN11,1.1656889143616227,1.941210857298025e-89
XPNPEP2,1.2068446007753781,2.4340424568249583e-89
IKZF1,1.149890703714111,5.308029186105898e-89
HAPLN3,0.9152930563046435,1.0025518009049545e-88
TSLP,1.1706956427734667,1.3608388985763164e-88
TRPM6,1.0637234119550838,1.8458090782027095e-88
LOXL4,0.939744481122483,2.9496438705586995e-88
MRGPRF,1.2233537405952295,4.4448738715276004e-88
PPP1R16B,1.1473701627839712,8.158354216359433e-88
ARHGAP20,1.175944511755504,1.2909288738917767e-87
S100B,0.9880508083496514,1.5355814784999837e-87
IL34,0.9538007371632649,2.35715400776849e-87
LIPG,1.0871382811274606,4.269802121707411e-87
FMO2,1.1692075432420956,4.342140151243835e-87
PRKCQ,1.1317573572318445,8.149273764579734e-87
PRKCB,1.1281298280387795,1.3016179106278096e-86
ASB2,1.1216316463859657,2.942425253336322e-86
IL33,1.188020066129447,4.605613158880964e-86
KIAA1755,1.0975552962700212,6.448036697531503e-86
TOX,1.105474630063924,1.560948629772111e-85
IL7R,1.1794971044828628,2.2707310840119862e-85
AKAP12,1.1230204872095966,3.287609410841876e-85
NGFR,1.1794484411059065,3.4650504134800136e-85
NSG1,1.1116737155624294,1.4980004248269403e-84
MEOX2,1.1250714371917265,2.0150102885995743e-84
ADAMTS3,1.0368662351393598,2.6303629587764614e-84
FAM107A,0.9958518938667721,2.785932870135362e-84
EPHB6,0.9936512693319115,7.368254340258507e-84
MEDAG,1.1293214330446713,7.464166832688268e-84
PTGFR,1.10858032699491,9.455439751619123e-84
C2orf88,1.0187514290156336,9.733423174951044e-84
CLCN4,0.9520213528146811,1.0707751297164624e-83
CHRDL1,1.224897426182508,2.4310807816793036e-83
FOXC1,0.7040597007419097,2.4965780048904788e-83
RASSF9,1.1629630185358484,3.11239445757689e-83
SPN,1.0897327586094192,1.3705621009015546e-82
ADGRD1,1.1351469220653314,1.3953112498617724e-82
FHL1,1.1384945572612293,2.8899062779959816e-82
TESPA1,1.1152245556560676,3.084224844919731e-82
SNCAIP,1.0754661366507037,3.9744743103349626e-82
TNXB,1.115359907541783,5.102037226787955e-82
IGSF10,1.1879825626269804,9.363117380743977e-82
TNFRSF8,1.1423678920206075,1.3834025187792468e-81
PAK3,1.0743810896940962,2.0445776076835997e-81
ID4,1.0220663632241702,2.357720348114814e-81
EPHB1,0.9092407068858372,2.493441099640711e-81
STAT4,1.167991183427644,2.5016977664039624e-81
KCNMB1,1.0287552664019026,3.0247124746336435e-81
KCNA2,1.0757762383474925,4.0362775128650087e-81
CD1C,1.1271415632277861,5.305699794502846e-81
ROR1,1.1075329116965542,5.782731574792772e-81
FGF7,1.1772274751154876,6.8311559814706e-81
LY9,1.129405804414696,6.8557177807402995e-81
CCR2,1.1081608046810667,1.0591124423709616e-80
TMEM71,0.9849486813638185,1.0739454828851395e-80
PDGFRA,1.2515385470208384,1.4862430181560855e-80
LAMA2,1.1499263279647223,1.5364914659573614e-80
CHL1,1.1637944869456254,1.7917014735518763e-80
TMEM100,1.0731771243579165,2.027454948957486e-80
TBX18,1.050958907381814,3.479614671477941e-80
CADM3,1.1248996954986281,7.16551417865418e-80
GRAP2,1.1500673971655058,1.0463037859346157e-79
TLL1,1.095350704132802,2.0794197159427244e-79
GPR55,0.9807932971525681,2.4275891669153663e-79
INMT,1.103607599936355,2.4299629502966487e-79
CNKSR2,1.0110819538782954,3.501164154868514e-79
BHMT2,1.100341871906151,4.269196074556774e-79
PRELP,1.0800924952159128,5.690428193432187e-79
BMX,1.1166135225038398,8.648224908914491e-79
MMP27,1.121615728531839,1.0437169702978799e-78
FBLN2,1.1875762053703784,1.1013989213896305e-78
KLRB1,1.127826465469837,1.8099660017466625e-78
TSPAN7,1.087876779299203,1.824402474364005e-78
CNTNAP3,1.0182276813729945,2.007849774419731e-78
ISM1,1.112310817616213,2.0299565607737295e-78
ADAM33,1.108978523538299,3.0823776907090817e-78
KIT,1.0915090833085568,3.995415790542827e-78
KCNA6,1.0831479446012229,5.430829412735745e-78
FAT4,1.1158359575247758,6.009208829235317e-78
ECRG4,1.0820007139843364,6.278146798112332e-78
MAB21L1,1.0715890123363083,6.882957307144162e-78
C16orf54,1.1001601318260483,7.595469959223543e-78
PTX3,0.9146277743625987,9.020723215874456e-78
EGR2,1.15879042445903,1.939944491227167e-77
ENPP6,1.0134190361610709,2.0622466982606402e-77
CDHR1,1.1018153578596082,3.3136752435681788e-77
PODN,1.0766289273882008,4.569786253885116e-77
CLEC10A,1.1258390235035791,5.53161374780461e-77
FGL2,1.0813711552688958,8.687946087223543e-77
PROX1,1.0349580574157953,1.1572734600682187e-76
SPOCK2,1.0558831125952757,1.8958052995529806e-76
MYH11,1.036331607404248,1.929443440165844e-76
CD3G,1.1086900217408777,2.840931533954071e-76
ZNF831,1.118174594995852,4.150671187075449e-76
GDF10,1.1275908388585851,4.98772901928193e-76
ITK,1.1080791679211677,5.238078691105835e-76
ZNF521,1.0829429502961516,6.139609544659396e-76
AOC3,1.0877697895454053,7.30176086131957e-76
WDR86,1.1291898320612412,8.942358578806506e-76
CAVIN2,1.079001499747244,1.1300790917770461e-75
BCL11B,1.1077133500016503,1.2115293626726494e-75
SERPINE2,1.0203211852395289,1.2367950953309674e-75
CD69,1.1107420986209418,1.3122605607179932e-75
ELN,1.0020097233692011,1.581167656491984e-75
TWIST2,1.1909349766097148,1.6153510487945865e-75
SLC22A3,1.1127424468721008,1.695089013776271e-75
SRPX,1.1828506975265642,1.851328721653823e-75
CCN3,1.0968553166452453,1.9152920413967806e-75
HSD11B1,1.1259129534674894,2.1050994281104044e-75
DPP4,1.1442165850650188,2.2743049620838894e-75
THEMIS,1.0989541802420466,3.20113335289341e-75
PHF24,0.85654064700761,3.574105261529145e-75
CAMK4,1.0783754830685046,3.729848550589993e-75
PLAC8,1.0792669834370325,3.9976477159905326e-75
CD200R1,1.1013706823840124,4.599919287887891e-75
BICC1,1.2075644533362762,6.07671383323945e-75
MID1,0.9775711030367986,6.746557705889095e-75
SCN3A,1.119518545847526,9.20728028505769e-75
UBASH3A,1.1057903277988623,9.746749190238019e-75
RIPOR2,1.0710390005753585,1.1856247492775457e-74
SELP,1.0769116983399742,1.438355168125363e-74
CPXM1,1.1618758261310935,1.5759225533511994e-74
CD40LG,1.102032073544082,1.7000446254072372e-74
CD48,1.0526488497806326,2.0380342804564525e-74
LRRC2,1.146463344964469,2.062645444236087e-74
CD5,1.0888038074458959,2.3851601178330594e-74
KCNA1,1.0645087135501963,2.4171453263306498e-74
LEPR,1.1183544034646742,2.992504203494097e-74
GPR174,1.0938114193694917,4.4580262463788095e-74
SLAMF1,1.0855568995748035,5.274331185672929e-74
ALX4,1.0511380769248724,8.108427917345567e-74
ADAMTS1,1.1565731491347948,9.834908780145228e-74
CD6,1.0778318253449493,1.2266994765491792e-73
CD96,1.1102200651650405,1.8433444040108772e-73
PREX2,1.0541343405126498,2.4715231633151384e-73
BMP2,0.9633833478423757,2.6525711526703512e-73
OSR1,0.9936028842602362,5.653686362692803e-73
SCARA5,1.1416952087626435,7.708300114009435e-73
LCK,1.08832577861097,8.420288217654804e-73
ANGPTL1,1.067853021946187,1.1327009581748047e-72
PGM5,1.021873458458544,1.1733459042312006e-72
DBX2,1.1031826718852011,1.3031091147428946e-72
ICAM3,1.0570071738353162,1.3344108705381916e-72
SAMD3,1.090654902650136,1.3820977266049242e-72
GFI1,1.0750330710171805,1.8590611048895682e-72
MAL,1.0327705193048136,2.0033261850219516e-72
KCNS2,1.0725450244724548,2.5169116646603e-72
WDFY4,1.046061755531239,2.7746900972970124e-72
MMP2,1.125818947672721,2.957009436573572e-72
CRYAB,0.8564586344631163,3.1749534932480874e-72
IRF4,1.0510912384142346,3.419715686591084e-72
ADRB2,0.983787690135612,4.3470932007778795e-72
FAT2,1.0681952109147306,4.81446839768459e-72
FCRL6,1.0850358548351562,6.225462932124039e-72
TNFSF14,1.0745927086841465,1.0798229999121166e-71
PTPRC,1.0540634224752579,1.2487627602030837e-71
LRFN5,1.1263849253967804,1.4198227529292506e-71
FCER1A,1.0400995355418936,1.4462157417101704e-71
DNASE1L3,1.0893136088965862,1.5273767840832645e-71
SLAMF6,1.0653814789026397,2.7971063394910585e-71
SLIT3,1.057768234983999,4.39050446056721e-71
WNT10A,0.964474069698668,4.702159837632211e-71
CD244,1.0122948647934407,6.864514559298254e-71
KCNT2,1.035526192745376,6.95436190129745e-71
ARHGAP28,1.1635897445219094,7.0267863089119955e-71
KLK1,1.0503791397825641,9.169855726027415e-71
TMEM255A,1.069275547957362,1.0341288968259588e-70
TNN,1.0288938645291452,1.0601181691710892e-70
CD247,1.0478539215127007,1.1052057632594684e-70
SIT1,1.070267759902968,1.1501155704285454e-70
NUGGC,1.0522785048845653,1.3044412029847199e-70
CCR4,1.066908583343324,1.4074504851803218e-70
CCL23,1.0750848990648671,1.6137374920747412e-70
CCDC8,1.0269274492269305,1.9056712599990702e-70
TSPAN2,1.076367685851998,2.569786582512074e-70
CRTAM,1.049379682696022,2.6051100757491538e-70
GREM2,1.0692106845165863,3.617751776823836e-70
GIMAP5,1.0576509569212251,4.027453028397347e-70
BANK1,1.0287765073248152,4.234745132271212e-70
TMOD1,0.9672162761268606,4.3764472897537896e-70
KCNA3,1.066311917757103,5.089157167108627e-70
FRZB,0.9244698640717611,6.817035572937592e-70
DPT,1.1181921420064764,8.001090303307494e-70
CDO1,1.0458512946353429,8.031653437462438e-70
PAMR1,1.0673245604084767,8.160273653957497e-70
SCN4B,1.0112272023591125,9.617531074523937e-70
PYHIN1,1.0650359582513866,1.2184974980621495e-69
MYLK,1.0571008902898313,1.4575107010527456e-69
PTGS2,0.9313268420665788,1.4886035332279346e-69
COL6A6,1.0688342194560023,1.565447009198393e-69
ATOH8,1.0786196244709567,1.819040415441732e-69
GPR183,1.0799939806061807,2.4786826399922166e-69
PDE1C,0.9604414428089281,2.8773310266024e-69
HLA-DOB,0.9640232131133725,3.1666259727742016e-69
HTR2A,1.0057611634863217,3.180528134371704e-69
PRDM16,1.029960660030802,3.486337149643288e-69
FLNC,1.0727176492724468,3.717244861627326e-69
CX3CL1,0.9878770571439912,6.077361705304772e-69
CPXM2,1.0619310914546947,6.993108335260479e-69
MMRN1,1.002133762570951,8.895973495935608e-69
HPSE2,1.0736455561334166,1.0145295427094838e-68
PTPN7,1.0003209161300415,1.1237049626176768e-68
SV2B,1.0511107026403406,1.1669238555825033e-68
CCN2,1.0866155267302158,1.3271429827853193e-68
PRF1,1.011910375928436,1.3432432610701384e-68
CD3E,1.0583468765822954,1.375615733238163e-68
ABCA10,1.0810628040885604,1.5498023809395221e-68
BBOX1,0.999093542489583,1.6139037247702008e-68
XCR1,1.0884601528892017,1.8931826494294724e-68
GALNT15,1.064707499499074,1.9383101256980942e-68
BCL11A,0.8642255087783596,1.9970679665679776e-68
ARHGEF4,0.9772849332438764,2.0651271861298323e-68
SLA2,1.0300274071277995,2.117492273903985e-68
THSD7B,1.051547358785869,2.7874353577615286e-68
GZMK,1.0606390668964558,3.4041271681692762e-68
CNTNAP3B,1.0262917554742523,3.4930637478379827e-68
JCHAIN,1.1227930978135787,4.828963463774917e-68
RSPO3,1.0894782809146428,5.0281982783527645e-68
MCTP2,1.0190417093039261,5.580007284053825e-68
ADAMTS5,1.0958142790513161,8.606411580800504e-68
SAMD5,1.034373838283909,1.658554411698589e-67
MOXD1,0.9903508723510143,2.4599822770599e-67
FAM13C,1.0987508426313752,3.5016281357203574e-67
ANGPT1,0.9466870352811263,3.658439248268054e-67
SNX20,0.9879512141234101,4.208573336811335e-67
MGAT3,0.905955540831,4.699870196241142e-67
ECM2,1.0435549845908483,5.220249754448043e-67
METTL24,1.088695020812388,5.223231425738605e-67
C10orf90,0.8147327522143427,5.365808609517214e-67
CILP,1.0014519471206298,6.441217821464902e-67
SCN2B,1.029430949277201,6.679468874957999e-67
BTLA,1.043148659558696,6.790700339957604e-67
SOD3,1.0010333079467537,6.824295081664089e-67
SCML4,1.059607614597894,6.921275155707575e-67
MASP1,1.0470208022810992,7.044103368402814e-67
DHH,1.0191101084829493,7.25679416915908e-67
LANCL3,0.8986176194975982,8.42446050106971e-67
GLB1L3,1.035371346235627,8.889699890214202e-67
PID1,1.0676765667728048,9.235135807619221e-67
TMEM132C,1.0444840223416998,1.9978620721359686e-66
IL18RAP,1.0367063260742504,2.815819815258695e-66
SLFN12L,1.053376585928615,3.37119527968182e-66
PTN,0.9969594629121572,3.861635127152994e-66
CD1E,1.020381277347385,4.050524500185036e-66
RELN,1.0296095224160033,4.5724857284547616e-66
EOMES,1.0802229390080538,6.201405627007975e-66
LAX1,1.0194082759750873,7.582540714175028e-66
ST8SIA1,0.9099213752924616,8.855695842273304e-66
CD27,1.017497614685905,9.388989167471601e-66
RARRES1,0.8580598084060229,1.1445633260989534e-65
GPM6B,0.894235223721824,1.3675482766539942e-65
CD2,1.0266335467006322,1.4250178764167498e-65
ADGRL3,0.978021759851154,1.433706854273201e-65
LEFTY2,0.9162978778590146,1.5357493283432996e-65
CCL19,1.049206917289607,2.2717707270753645e-65
LAMA1,1.0073257472993347,2.3052479047965666e-65
SH2D1A,1.0315628021755203,4.40101108455912e-65
GAS1,1.1376369958187262,4.9773151764913185e-65
SCN3B,1.1104626140366212,5.308881548850668e-65
FCRLA,1.0038496707866766,5.614537606687894e-65
CST7,1.035565774024454,5.737915114410562e-65
CD79B,0.9893537380622771,6.520718204117246e-65
DCN,1.0654248504447068,7.547062468349303e-65
CCL14,1.029965485698063,1.0537431695349343e-64
CXCR6,0.989948284179135,1.0745811775583913e-64
HTR7,0.9823374166158454,1.1916330553734922e-64
C7,1.010335868913458,1.3806485155278524e-64
SCN5A,0.9970949423924345,1.4585970799027105e-64
TRAT1,1.0351098397938001,1.7021908349855944e-64
CD3D,1.0204140460772062,1.7457351264761715e-64
MET,0.9652386894668595,1.7808721722340772e-64
S1PR4,1.0168316433148485,1.8362957165567077e-64
GPR12,0.7429909612008992,1.9095860094275206e-64
CLEC9A,1.0455828669444382,2.112205700110708e-64
SLC17A7,1.0703722600323218,2.5212627219584927e-64
CCR5,1.0070263580690673,3.1456716797068264e-64
TREML2,0.9665157268373197,3.371238722430281e-64
SPNS3,1.042021155698943,4.796165441704132e-64
MCF2L2,0.9539461288017358,4.8970745580532024e-64
CD28,1.0145449588374569,5.629041880282955e-64
PLAC9,1.0039902533557619,8.474624775814463e-64
MEOX1,1.0770715781689348,8.665876699632585e-64
ADTRP,1.0087183889704578,9.183461944742062e-64
PRSS12,0.837547698736975,1.0998577320850239e-63
TBX21,1.0189942789213022,1.1300562702995415e-63
RGS2,0.9770350017490592,1.199826249784058e-63
GPX3,1.0415260200742427,1.6204560151684036e-63
TLR10,0.9879792278411963,1.7596876510453817e-63
COL17A1,1.0634144017867744,2.1555712727924522e-63
POU2AF1,1.018759459792222,2.1872748966791583e-63
SLC2A12,0.9436039507434051,2.8073289578536346e-63
PTGIS,1.0625050329856616,3.1997563025877205e-63
MAMDC2,0.9620283024485055,3.453157106267438e-63
P2RX1,0.9858727204671813,4.419104824002874e-63
SLC1A7,0.9907734110089843,4.6712605997290375e-63
ADAM23,1.042034379500849,4.942728547905713e-63
AMPD1,1.0608846063510686,6.698318898565738e-63
CLDN19,1.0497150824025316,6.782362334093728e-63
CXCL2,1.0239592429703934,7.384913286409212e-63
SYN2,0.9804118390993524,8.524754339144719e-63
GZMA,1.0000445167837655,9.439895204715332e-63
CLCA4,0.9690309442903557,9.568041196638388e-63
BIRC3,0.9631356319865123,1.1327631138365978e-62
TRPM3,1.035669523828637,1.1429841257604e-62
GPR171,1.0326087555489813,1.271629876573226e-62
C11orf21,0.9817410226247012,1.6649933926449602e-62
HAND2,0.9989309784844393,2.084459769130673e-62
ADCYAP1R1,0.999408798473473,2.1738170106527314e-62
ACKR1,0.9895605774107934,2.38962080144102e-62
PARP15,0.9752362412548232,3.1666429113542817e-62
CYTL1,0.9878213830880755,3.507855860580978e-62
HOXA3,0.9855875987498987,4.786780755810232e-62
DSC3,0.9546516095051398,4.967322872307094e-62
FDCSP,0.8155446755888179,5.537603677816035e-62
KLRD1,0.9918673653066293,6.799403213500732e-62
KL,0.9865794233308822,9.857904959562497e-62
SOX10,0.8567013598315028,1.0558301036189534e-61
TCEAL5,0.9863916045740029,1.0827604823042493e-61
TEPP,0.9721919338038184,1.4962774336032545e-61
CD8A,1.0115055930248127,1.5011767524659489e-61
PHYHIP,1.0103598440146373,1.8164995593712648e-61
UTS2R,1.0272431180282933,1.867155273050174e-61
HSPB6,1.0010313802985322,2.2183003642312977e-61
NRG2,0.9088931618397651,2.6401724724846385e-61
EDAR,0.8614654016511031,3.0528296183957193e-61
MME,1.0515643141765794,6.007699180309724e-61
MAS1L,1.0250189852374085,6.0084503678988016e-61
DCHS2,0.8353452230666709,6.151936432112288e-61
LAMP3,0.9024088194266354,6.396317465585563e-61
HMCN1,1.021838825615139,6.412356790025608e-61
CYP11A1,1.0192093541097091,7.352141121038727e-61
RNASE7,0.9812191051638381,7.39738250941259e-61
PRRG3,0.9152161180561194,8.567503219341846e-61
TP63,1.0267512534027334,9.868771073136385e-61
VSNL1,0.9471281510080666,1.826129255528803e-60
DTHD1,1.015773004517267,2.0356912793851747e-60
RERGL,1.0016745601910677,2.0732933886633304e-60
LGALS2,1.002422835092959,2.700230439830386e-60
GLT1D1,0.972811788519123,3.0456543338365583e-60
ALKAL2,0.7590525269038825,3.4638437903871345e-60
PRR33,1.0072082897598658,3.5100362062569017e-60
PLCXD3,1.0000245411817166,3.534484766939532e-60
CTSG,0.9964803034501846,4.3403594988446237e-60
KIF19,0.9634037786487923,4.5322347946139655e-60
CPED1,1.0054104443519778,5.573300467619852e-60
SLC8A3,1.0397316689188658,6.449410337628586e-60
CDK6,0.8834798904989267,6.753582572977427e-60
LSAMP,0.9968666393887218,8.607661002632532e-60
GPR15,0.990916615192348,8.804866030328133e-60
TRIM29,0.9650691295499303,9.307772903198467e-60
SPIB,0.8622291276571576,1.0986643767167772e-59
SPON1,1.0124785308616162,1.2426370472722968e-59
TNFRSF13B,0.9684139876711085,1.4116959685584215e-59
NPFFR1,0.8435474146086699,1.611960422167214e-59
CCR7,0.9371506397344307,1.7085581690992672e-59
CD8B,1.0094721661404167,1.7108156978755335e-59
CYP1B1,0.9372605547813726,2.3972624112563714e-59
CD52,0.9889686589838873,2.5472239645708474e-59
PDZD2,1.0299809131926794,3.384081903032572e-59
ALDH1A3,0.991287289861071,3.7383289514430724e-59
HTR2B,0.995202967220727,3.769056089488248e-59
SELL,0.9429376845716305,3.9559276150078615e-59
NRG1,1.0397532270523304,4.039314324917919e-59
BNC1,0.8267462199277061,4.1530432740933e-59
EGR1,1.0369105864361674,7.212438385000782e-59
MALL,0.8909731494866598,7.8248101799464e-59
FMO1,1.012279897064952,8.566889130770543e-59
HOXA5,0.9866327548589098,8.792746178558717e-59
CHRNA7,0.8963894996986144,1.1172344571363086e-58
CMA1,0.9837027467024836,1.4986394627403655e-58
AFF2,0.9076049031183824,1.582835321279231e-58
ANGPT4,0.9794726146885118,1.649288659338123e-58
BNC2,0.9926209452423767,1.7502629970841994e-58
B3GNT5,0.7711158241077037,1.755323479437389e-58
GABRP,0.7958590578727291,1.959047409559878e-58
CXCR3,0.970901517110103,2.0267784155013893e-58
CCL21,1.01324945202594,2.7572182956011718e-58
LPL,0.950922291065375,2.9867263860231625e-58
F2RL2,0.9244303546844974,3.710180405548745e-58
MS4A1,0.9621061810090884,4.3453109728180996e-58
CAPN6,0.8501915714356597,4.3539910088746264e-58
CCL5,0.9486863885767145,5.591852531047914e-58
ZAP70,0.9534443170975764,6.2694447977869046e-58
FGF2,0.9993650224858979,6.493078936086833e-58
SHISA3,0.9222197918772911,7.654805341920188e-58
VGLL3,1.013908747672214,8.464521961373768e-58
MAGEL2,1.0085305478240838,1.0002669588973825e-57
JAM3,0.9528623027384484,1.2265908777824344e-57
DOK2,0.9635494494996713,1.248804942624875e-57
MRAP2,0.9730885329832413,1.2842323911894785e-57
CNN1,0.9596550853427295,1.376215827676828e-57
L3MBTL4,0.803433447308623,2.7176242963831995e-57
CLNK,0.9560196090055569,3.3638755473954196e-57
NR2F1,0.9648366270842297,3.426123511990508e-57
LIF,0.90584513503873,3.58976866591905e-57
STAC2,0.9342408689216674,3.7972822699767324e-57
PSTPIP1,0.9555438218984288,3.870249946114235e-57
PTH1R,1.0008999786376518,4.701157497935233e-57
PCARE,0.6722984163840583,6.500728879644312e-57
KCNJ16,0.8995237854585991,8.21735323827342e-57
MMP3,0.9993871020473071,8.667866137287088e-57
FCN1,0.9820211420151361,1.06349475475778e-56
SLFN14,0.9684910025244027,1.094371810764378e-56
KERA,0.9075814030962783,1.403760648147139e-56
SFRP4,0.9574831697305723,1.4253874986692229e-56
ABCB5,0.9589844157305841,1.4396849927412301e-56
GPR17,0.9326774482809299,1.6239185143387315e-56
ANKRD35,0.9023023020958211,1.773168423744662e-56
DSG1,0.7841680241768534,2.060094239607418e-56
CD300LG,0.967480148469033,2.312454774090807e-56
IRX1,0.8577964204985589,2.53859425198266e-56
PTGDS,0.9771322940332154,2.8740265633274806e-56
SEMA3D,0.9838297202217694,3.5824387974942086e-56
FOXP2,0.9524926804004941,4.610902383188019e-56
CR1,0.9766297922989933,5.19644941172556e-56
ZNF366,0.9825022084736552,6.008636271043715e-56
CTSK,0.9836065127920928,6.428304539823717e-56
FCER2,0.927318908552531,6.552107235009442e-56
COL4A4,0.9087615351596264,6.559227641823427e-56
SELE,0.9537695687640386,6.94724537872035e-56
SIRPG,0.9580137327101679,7.09696287483316e-56
TRABD2B,0.925665600082599,8.232683697634708e-56
SLC6A2,0.6787377146001061,1.0178898472083355e-55
EDN1,0.9488210521227514,1.109827970616533e-55
IL1R2,0.8616304619250938,1.1165341567772711e-55
PTCHD1,0.7942917333125541,1.5402408854531603e-55
PI16,1.001282873752023,1.5428111927283834e-55
MRC1,0.9628845609296859,1.7141115055715354e-55
HMCN2,0.9191206015580669,2.6849510074301367e-55
LY75,0.9229937206956879,3.8065485832957654e-55
ZFPM2,0.9368318655664287,4.000269586749595e-55
CES1,0.979346439486263,4.201091823587231e-55
COL25A1,0.8838294005070073,4.209321036049567e-55
LYVE1,0.961176437357685,4.437157627708825e-55
SYNM,0.8543842983488148,7.016979893901776e-55
GXYLT2,1.0612252488069562,7.086034873572915e-55
AVPR2,0.9661404139534226,8.694544657012834e-55
RNF150,0.8539641211156717,9.281597807209259e-55
CD79A,0.9418264922409559,1.0461439604356427e-54
TMEM130,0.9624173198079571,1.096727002939813e-54
KRT5,0.9539012740474533,1.432773081924667e-54
CD209,0.947932957216109,1.6364277732686135e-54
FCRL3,0.9537682381824553,1.8406353057001258e-54
CTSW,0.9407002426283488,2.1951014008663115e-54
FCRL1,0.9209807134617449,2.2068805978077897e-54
FCRL2,0.9306243476353906,2.474194695420843e-54
SLC6A14,0.811759433512848,3.330297236312664e-54
DPF3,0.8766872115646519,4.0585263233631015e-54
TLR8,0.9285616800067804,4.1844130517211886e-54
HOXA2,0.9471087363175239,4.603760395148915e-54
NKG7,0.9121243914065315,5.011475222437195e-54
CCN4,0.9660654578491398,5.344086275004826e-54
TNFRSF17,0.944911334752681,5.654556907900012e-54
FHL5,0.9466938759749038,5.90804318406569e-54
IRAK3,0.985081753918993,6.163978227377827e-54
FCRL5,0.9526249985810878,6.999342990401383e-54
GALNT8,0.9216669133453489,7.461261264366827e-54
TIGIT,0.956406114604198,7.598024812204694e-54
CMTM5,0.7315302561385907,7.751503433973325e-54
ZNF80,0.9196586571244798,1.0153899911377801e-53
HAS2,0.9854654519981922,1.0484941286554683e-53
HEPACAM,0.9603775653677343,1.0501272781271507e-53
RGL4,0.9399289020993249,1.0877821403721594e-53
SLAMF7,0.9057430521996117,1.0910312442636345e-53
IL2RG,0.9095174404722043,2.1396384974653745e-53
SCN7A,0.8497613728255716,2.240101077721591e-53
CACNA1G,0.9404718181548788,2.555161915855007e-53
MYOCD,0.9148349846648858,2.656355876240607e-53
CNR2,0.9083299676122626,3.882083953399171e-53
FASLG,0.8996267245760721,4.33265136543518e-53
KCNIP1,0.9237779679242604,4.88302521424339e-53
CDH22,0.963515311996867,6.038373096543678e-53
MAGEE2,0.8838995178980128,6.772766840333117e-53
FOLR2,0.9406318830235584,6.894861108388346e-53
EDN3,0.9220276489959296,7.609191361330544e-53
FAM180B,0.9392104069766172,7.9882829563728e-53
MMP7,0.8374511232838561,8.084196084378334e-53
VCAM1,0.9293953669588142,9.228529999451854e-53
PHYHIPL,0.9128019787150332,1.0034246304635666e-52
CLECL1,0.9136650784871335,1.0905364217983403e-52
ALDH1L1,0.9524365212355851,1.1437840193913031e-52
ETV3L,0.6730069213098303,1.1970043869831037e-52
CLIP4,0.9742043688083596,1.4615916202198864e-52
NCR3,0.9122437607463056,1.6966922277845302e-52
COL6A3,0.9429197339912002,1.7130524303244593e-52
NUDT11,0.8668521437579542,1.7485720485276076e-52
P2RY13,0.9329039296979951,1.7708531311396525e-52
PLXNA4,0.9535144721363678,1.8102716230336514e-52
SPHKAP,0.7351758616769934,1.9329905503416067e-52
ZFHX4,0.8979224717239118,2.4263777041355095e-52
HS3ST4,0.8357513897392949,2.527760037855253e-52
HOXA6,0.9254942763159354,2.6447363580598317e-52
RFPL4B,0.9122722441987872,2.7606807775889007e-52
HOXA7,0.9380097101629524,2.8807225631899515e-52
ADAM12,0.9824115421633768,3.1817313259875517e-52
IL6,0.9525718765968907,4.2827626219395824e-52
HLA-DQA1,0.8787909411966432,5.324868110043207e-52
WNT1,0.934717660564432,5.409785669454017e-52
CD1B,0.9034720110897687,5.588892364361253e-52
CLEC17A,0.9259364559449244,6.061231531324956e-52
B3GALT1,0.9303117123954865,6.37665042433616e-52
CLDN16,0.7172208518250686,7.085325318068195e-52
SRSF12,0.6338704365552317,7.524359891399203e-52
OGN,0.8623367701197722,7.692221244607472e-52
EFCAB1,0.9482857408252234,7.959062771457573e-52
KLK6,0.7286450534598997,9.276563481975014e-52
ALDH1L2,0.9681063519336879,1.0263638251524285e-51
RGS13,0.9427825396905991,1.0408451546074164e-51
CPA1,0.9434066849624803,1.1027895807954045e-51
MXRA5,0.9945937351829224,1.275017306225745e-51
BPI,0.6690750469025937,1.3631326741066293e-51
FGFBP2,0.7995568111727624,1.480277568227699e-51
CASQ2,0.887306147462355,1.5567286590880916e-51
CD8B2,0.8881933687721013,1.9305115540058615e-51
DACT2,0.9006139940413993,1.984995531918108e-51
GRIA4,0.9674620801698983,2.3406761583407653e-51
TNNT3,0.9354092600255408,2.3709139010531108e-51
PAK5,0.951692533279002,2.5985024931538035e-51
OCA2,0.6224661139471283,2.650033626979189e-51
SORCS2,0.9212435615991688,3.239881327533786e-51
SAA1,0.9529889797210586,3.357457799534229e-51
MATN2,0.9642023588156658,3.458519539527401e-51
KLK8,0.7289621422308645,4.676469651932162e-51
XCL2,0.9289363731180109,4.9150708070672417e-51
PPARGC1A,0.8011025494398403,5.485205915015271e-51
TNIP3,0.831004396705373,5.592632065313283e-51
TCEAL2,0.8592639384781925,6.760627919881295e-51
ROPN1,0.6047642803379728,7.168465489459676e-51
FGF18,0.888844541735365,7.556552775674075e-51
ACSM5,0.8136005209667194,7.664535323088666e-51
SLC7A3,0.9395021348929921,8.477429945637628e-51
MS4A4E,0.9150343044817304,1.0512116479722764e-50
PENK,0.9334674755836867,1.1354375140204204e-50
DSG3,0.8402325705198636,1.237054950058381e-50
GBP1,0.8428084360001311,1.237185766222041e-50
ANXA8L1,0.8202528664713258,1.2735245684580364e-50
CCDC178,0.9317081289993494,1.382406844868869e-50
LRRTM2,0.8938372834804695,1.474620547966921e-50
CYTIP,0.9458592148665133,1.5096214713977468e-50
FBN1,0.9437693856679709,1.7411694426227538e-50
IQSEC3,0.9324020049292152,1.9770467298058009e-50
SLITRK2,0.8795849931378878,2.061601641195094e-50
GAPT,0.8300613045230949,2.187267793082358e-50
STOX2,0.8277094779838116,2.2370647028146944e-50
GZMM,0.924726619501333,2.478049686602136e-50
ADGRG5,0.9008183479809992,2.662659480658055e-50
SAA2,0.9026720146045513,3.2396112509561958e-50
OVCH2,0.9196920519247545,3.4945117790293175e-50
COL3A1,0.9345139362290678,4.623060416480197e-50
EBI3,0.8762019628403857,4.64738094217547e-50
SLC19A3,0.9827600698804964,5.831808434215659e-50
NALCN,0.8821681770747759,5.846819509763174e-50
TMEM252,0.9197313993524211,8.231785112190815e-50
SEL1L3,0.8825121017634892,9.243918666597217e-50
LUZP2,0.8915171608385671,9.270171563077742e-50
BLK,0.897288293763424,9.703764379151584e-50
ADH1C,0.9165933663219703,1.00441630371394e-49
SYT15,0.8569093285057245,1.0158204070859373e-49
VNN2,0.8801212203567306,1.0608714432430727e-49
NLRP7,0.7735305363683113,1.1358322609562633e-49
TRHDE,0.9228600418294162,1.1371250359883171e-49
XCL1,0.9228194367326994,1.2811002365689913e-49
PPP1R14C,0.7003591949370398,1.4826631327687197e-49
TIFAB,0.8923372770133968,1.6838624122828129e-49
CDK15,0.8634936726136533,1.7753092867188543e-49
TKTL1,0.7998863427116315,2.2413108189923828e-49
TCF23,0.9161309118525736,2.3461507644095325e-49
BEND4,0.8258508483586869,2.589346475084306e-49
KLK7,0.7961041580737649,2.608584133103919e-49
PAX5,0.8910605327911301,3.3371909747338873e-49
FAM180A,0.8828599796859221,3.570211248677535e-49
LAMB3,0.8679975680600205,3.5728155371041796e-49
CCL16,0.9312407726866687,3.618073471739468e-49
PCOLCE2,0.8803751191329124,3.625288770934997e-49
ASPA,0.8616540212463409,3.848477081640619e-49
ZNF215,0.8759645614480918,3.896402277056628e-49
WIF1,0.8091855195013152,3.9408896352958026e-49
CRB2,0.9411446944048147,4.305813755346361e-49
PTGDR,0.9565059977328535,4.3418004800976715e-49
IL21R,0.8583525733431363,4.6282617671414936e-49
TCF7L1,0.8115261495831882,4.952170551325077e-49
CCKAR,0.9234041940905369,5.006117915269757e-49
AOX1,0.9338150456255727,5.4822897686355536e-49
KCNH8,0.8495795628996419,5.7482090878158104e-49
CD38,0.8645516038663393,5.777453332872615e-49
TBC1D10C,0.8609131152524008,5.909724369596288e-49
GZMH,0.8805277174281836,6.574601823643904e-49
GPIHBP1,0.8529601513866929,7.407525743843952e-49
CHI3L1,0.8267368304622073,9.088645982424503e-49
CCL22,0.9256977272460345,9.358535288835415e-49
RSPO1,0.9319132187058585,1.0099224711960705e-48
BLACAT1,0.7212824259574171,1.0326986433720476e-48
DMRT2,0.888706445390133,1.3189691837239797e-48
TXK,0.8856907177906786,1.3551249892048565e-48
LOX,0.9893391273176084,1.380924187520818e-48
CCDC141,0.9050732651294151,1.4197507097567698e-48
GLIS1,0.9234669891823762,1.4268540595868422e-48
THBS4,0.8594354022127797,1.4289751982272554e-48
NR4A3,0.9335689106079741,1.560545671038455e-48
ANKRD65,0.924303500730356,1.6251073749362954e-48
STAP1,0.8658701425647397,1.6388805263469156e-48
F13A1,0.8692475100502894,1.745371676907376e-48
ANXA8,0.8172531098200451,1.8078077281409438e-48
NIBAN3,0.8585491254349125,1.835552428016257e-48
CSRNP3,0.8568691939212657,2.2968011293462942e-48
KLHL13,0.9072341865993334,2.3078196090601768e-48
CNTN1,0.9125756485677716,2.4497346567168075e-48
ASTN1,0.9020098765643774,2.7418483990547154e-48
VNN1,0.7759096475238969,3.3886183243843914e-48
APOL4,0.8788658216396092,3.5712501320344413e-48
GUCY1A1,0.9209762226432632,4.695664578292892e-48
GRIN2A,0.8066222369466975,5.07754807486034e-48
MMP20,0.624844049329178,6.459452887440065e-48
SCN2A,0.8981238090007341,7.200841763787989e-48
GSTM5,0.9027954517180797,7.671955964579073e-48
TENM2,0.9079285879711689,7.890732924467336e-48
MN1,0.8899784908372659,8.067322417471613e-48
ADAMTS2,0.957013654708432,8.855857698370055e-48
RAD51AP2,0.8188920553329145,9.21373165373907e-48
GRIN2B,0.8149201196183368,9.648131937451373e-48
CSDC2,0.9056157464029901,1.0042146460133031e-47
GABRE,0.8204602258098231,1.2623671551796936e-47
AGMO,0.9033872997907926,1.4019812290331666e-47
TINAGL1,0.8682123895667915,1.5529729980015333e-47
LRRN3,0.9117215332393733,1.7082708305720682e-47
GSPT2,0.9233113264454422,1.725519048921721e-47
SP140,0.8318884580139689,1.827313404353814e-47
SPAAR,0.6665447633023408,2.2187533687551893e-47
RTP5,0.8694003701224972,2.2858979500354274e-47
OLFM2,0.8674211896943492,2.304304852232543e-47
ACADL,0.8996287905600543,2.9312248980385423e-47
HLA-DQB1,0.8592210352400098,3.079808086192783e-47
CRYGN,0.9128348083499151,3.323576880307903e-47
MGAM2,0.7192399932637858,3.327152396364458e-47
PKIA,0.9593281599622235,3.6382209004094147e-47
LRRC4B,0.8791325216797199,3.6915862120564628e-47
GULP1,0.9488983455056388,4.24829322677149e-47
TCL1A,0.8476720139367604,4.573759595188177e-47
SLCO5A1,0.7522513932453687,4.696538762408533e-47
TF,0.8386771840733964,5.295643795191892e-47
CD19,0.8538521245206094,5.924014230329919e-47
CACNA2D1,0.874573349411214,7.458365202302902e-47
VCAN,0.9218356332622408,7.619659870657506e-47
CD7,0.8420209930678428,7.623580615331234e-47
PDE3B,0.9068672555299561,9.26884546474402e-47
TNFRSF9,0.8710656401435249,9.911592286676278e-47
HLF,0.937645051423494,9.946163236989996e-47
CCL2,0.8932701588543821,1.0892231967665705e-46
NEFM,0.8540562269017926,1.3386790527340832e-46
PLA2G2A,0.8950786862576143,1.4356211013315392e-46
P2RY12,0.8690055422542038,1.5852933148150486e-46
XG,0.9079081498786206,1.8672916396351897e-46
SERTM2,0.8555288205628544,1.905240517551258e-46
LILRA4,0.8519583666668984,1.945272088022177e-46
TTC24,0.8226347674068732,1.9737693438312683e-46
ACVR1C,0.911441813438685,2.270219257221788e-46
SOSTDC1,0.7989706554133734,2.290287300955454e-46
STAB2,0.8820747611428195,2.2940370926521836e-46
PNMA8C,0.8893231925280762,2.813522392509079e-46
AC136428.1,0.8358964193016325,2.885629513045199e-46
PAPPA,0.8699207981976413,2.905711492137047e-46
NFIB,0.8274234768631495,3.1212883430335794e-46
CLEC4C,0.8594004778962416,3.2817047613697092e-46
CCL24,0.8052986309941581,3.342164177084883e-46
CDH11,0.9037953243314034,3.4993504356466545e-46
SLC22A11,0.9023229015176284,3.765717105451314e-46
IL1RL1,0.8891161703597978,4.250752985324558e-46
RGS7BP,0.864919190942194,4.5537156331182786e-46
TMIGD2,0.85232527740698,4.585753272514721e-46
TNMD,0.8689392094451607,4.776069396371092e-46
VGLL1,0.6269029140315235,4.811205142186373e-46
ADH1B,0.8697948631110022,4.85050943724752e-46
PRG4,0.8786354506325909,5.1113997340769954e-46
KCNJ15,0.8968375897460021,5.3281445153242735e-46
OR7C1,0.7867082940802852,5.396493244746399e-46
COLCA2,0.8259328750400059,6.328615929330029e-46
MRGPRX3,0.8493256589694831,6.48037637771299e-46
INSYN2B,0.8718682209183488,6.646204826494187e-46
PODNL1,0.9359034111182073,7.702507512836646e-46
KLRK1,0.8698636160748916,7.978437853798838e-46
FOXC2,0.7050310662070873,9.714192061569944e-46
KLK5,0.7674598353524958,1.2355308785700359e-45
SFRP2,0.9291698510280446,1.432140022500196e-45
CDH17,0.8819410011709055,1.464289154717268e-45
KRT14,0.8916322655967888,1.5083835978446104e-45
TBX5,0.9000479447372636,1.6685239004166218e-45
CRYBG3,0.9235798849590082,1.7434415965436845e-45
DSC1,0.8795329793837143,1.7511683981760795e-45
IL2RA,0.8142691891431406,1.9021577199915672e-45
SPTA1,0.8750019058156506,2.0545589618149004e-45
PCDHGB7,0.877373714128252,2.6236339581479868e-45
FGF9,0.8126497954153661,2.79717623270907e-45
P2RY10,0.8948925170657294,2.8409765830543637e-45
PDCD1,0.8485251274700741,2.944937073764542e-45
KLK10,0.7993020118897356,3.3099414697691844e-45
HIF3A,0.809965644127762,3.963815459644694e-45
LINGO2,0.7711330046880059,4.140796192867287e-45
GBP4,0.8192604443467277,4.5281733802557407e-45
DEFB1,0.7959478818597919,4.6607512226336834e-45
SLC12A3,0.8807884493915751,6.23257957291678e-45
CACNA1E,0.8684373147387252,6.233762439726931e-45
CXCL1,0.7413043804808798,6.341764286407055e-45
PNOC,0.848077621871437,6.389162737816268e-45
FHOD3,0.911175390388288,7.23688662950156e-45
HFM1,0.8390717374334165,8.496039462709526e-45
VIT,0.8297996046873122,8.570724828362924e-45
TDRD6,0.8749176450607075,8.981080698368386e-45
DCT,0.8545775593547709,9.90136161855025e-45
PLCXD2,0.8723752963117519,1.0220752271356857e-44
LUM,0.9006214603665226,1.0255948639358146e-44
FIBIN,0.9320678904332333,1.1879072940499349e-44
OMD,0.8390706411277086,1.3549516241580659e-44
SYT8,0.8074734540558821,1.4748099982414218e-44
ANXA13,0.9029204455770112,1.627769016037409e-44
FERMT1,0.7501690003849504,1.7394188731702113e-44
GRAMD2A,0.9237307243139115,1.7406288251358164e-44
IGLL5,0.844788004937465,1.8356615603889905e-44
PIP5K1B,0.9091506303504897,1.8589363312325731e-44
MBNL3,0.9274609723796621,1.9668646511671055e-44
FAP,0.8904452910464188,2.0279478419370436e-44
SSC5D,0.8382226829929191,2.030563284634331e-44
CD36,0.8914691884617565,2.0321209905283933e-44
SEMA5A,0.8313272460012768,2.0553494500999214e-44
SOX8,0.5325887428221484,2.1342181072726487e-44
ADD2,0.7582511574651892,2.3508807711140455e-44
KLRF1,0.8730259274668782,2.4507940139675325e-44
RNF186,0.8291085447024582,2.6145024371505676e-44
INSL3,0.8594787410810585,2.644693479687835e-44
TENM1,0.8335391095934859,2.7684134438652933e-44
ZNF683,0.8522415878869161,3.1650222529484994e-44
HSD17B13,0.8883167139605427,3.497105887754093e-44
PCDHGC3,0.914465295231324,3.7359716983125045e-44
CXCR5,0.8113203983898698,4.133560554768882e-44
ICOS,0.8435281844489244,4.160907297620623e-44
HSPB7,0.8301757170056606,4.457982857292299e-44
SIGLEC6,0.8661950823371398,4.827355881084778e-44
RYR1,0.7602170424799803,7.129251592829583e-44
CPZ,0.8842351943773661,7.182956420754612e-44
MT1M,0.8762450827709898,7.342182321497209e-44
FRMPD4,0.7679897692630933,7.524616141940634e-44
ADH4,0.8347083021108435,7.766763117510298e-44
ITGBL1,0.8442817860297955,7.935219987958963e-44
ANGPTL7,0.8320536252416706,1.0651655903913488e-43
CCL4,0.8266050653896659,1.2972504202479703e-43
SGCD,0.8751460526428807,1.465309910587727e-43
KRT17,0.8426825728677128,1.5703937394484003e-43
SMIM10L2A,0.8897186805413009,1.658324249688554e-43
PLP1,0.7872295599599963,1.8170506954526987e-43
SLC28A3,0.8996134839657228,1.826374835665699e-43
CYBB,0.8299594268361502,1.904921580334374e-43
SLC38A4,0.8778825712858052,1.9110058630142324e-43
LRRC55,0.8235387307139301,2.0800524687750654e-43
CALN1,0.8295783934857155,2.115902738182503e-43
B3GALT2,0.8600857283806704,2.2564285731941992e-43
IL12B,0.8675341958289938,2.6057185983828982e-43
CLEC12A,0.861068725381202,2.6336259612709746e-43
DIO2,0.8832179480007791,2.6714783915241455e-43
GPR18,0.8322182719722329,2.8177959623951013e-43
NKAIN2,0.8414286291741376,3.612715022436115e-43
ITGB7,0.8338180832923908,4.280792057774643e-43
GFRA2,0.8232301620037852,4.285191662394426e-43
SYNPO2,0.8384449488131112,4.3003579115350325e-43
KCNA5,0.814623930219976,4.602177864200567e-43
PIK3C2G,0.8632700442407311,5.278870321684696e-43
SULT1B1,0.7988813683577546,5.6524596578485e-43
PDE9A,0.6975208031854692,6.065223479301476e-43
SEMA3A,0.8464246098412622,7.000280136936814e-43
NXPE4,0.8467050199067441,7.321047047452425e-43
APOBEC3H,0.8339452751703645,7.36519207705967e-43
EMX2,0.87548661948524,7.666538077622602e-43
COL19A1,0.7488100826681517,8.57548514218774e-43
KLF14,0.7591317168610192,8.918300431451902e-43
LRRC18,0.86574123028421,9.208877053856596e-43
PTPRZ1,0.7998643403387963,9.301772588095432e-43
AKR1C1,0.8703187219464885,1.0313911986875056e-42
NEFL,0.8146535931334398,1.0864229959125775e-42
VEGFD,0.873670810728731,1.250799293026167e-42
DPYS,0.8166805025000341,1.2707469783242297e-42
PTH2R,0.7424602754676048,1.452165871840815e-42
IKZF3,0.8596260860414927,1.7148767923574726e-42
OR2L13,0.8759773123687533,1.7532151594482012e-42
RRAD,0.8754633168806502,1.883553972626157e-42
UNC13D,0.7846747757369283,1.9595330417098525e-42
CCL13,0.8053468345386559,1.9637357510614046e-42
HRCT1,0.6537948284517405,2.026644820041092e-42
GLIS3,0.898705565747748,2.1020254780990535e-42
NCR1,0.795288250521979,2.4636717016067944e-42
HSF5,0.8106550025913536,3.201250587516071e-42
GPR25,0.7834159647654639,3.387739394348508e-42
IL17B,0.8011506196208091,4.303842846391155e-42
ATF3,0.9119020568217938,4.962470835083283e-42
ST8SIA2,0.8882321025890663,5.003837295559287e-42
COL1A2,0.8648843127171373,5.318296367808937e-42
APOD,0.8328432385757231,5.392875785481619e-42
NTRK3,0.8300970064021442,6.600652983809257e-42
COL8A2,0.8821181930073136,6.773202231170791e-42
CR2,0.812735405680578,7.313033894046344e-42
LONRF3,0.8598421192100513,9.30583536893793e-42
DKK2,0.8127067990246865,1.1145239067789485e-41
PROM1,0.8022081939378027,1.1532011903893678e-41
KCNE1,0.8868306471488444,1.4885411668420587e-41
IL32,0.7628962154153756,1.530148454163455e-41
PCDH7,0.8441088326345199,1.5947871052837446e-41
PKHD1,0.8552289521296703,1.6415859619744273e-41
CYP39A1,0.7669374542938688,1.7202897327124562e-41
MPO,0.8276416425871009,1.7292554093153213e-41
PLA2G2D,0.8245171904010986,1.908108563463631e-41
KLRC1,0.8047915894313653,2.0527926866775778e-41
CLDN5,0.8268150092027238,2.474742881959292e-41
SLC27A6,0.8262912293144407,2.475175607121932e-41
PKP1,0.7765763824480799,2.7514192296307424e-41
ANXA3,0.8542248542769104,3.010992351805717e-41
TSKS,0.8089567577292118,3.333292167887828e-41
PCDHB7,0.794889136931825,3.8117272321496945e-41
SYNDIG1L,0.8367215973387203,3.811779178363903e-41
RBP4,0.8657153510923359,3.9526280936042414e-41
MYH13,0.8592818636575679,4.265438897447379e-41
SSTR3,0.8103231731513547,4.5366908025011025e-41
FABP4,0.8179899889387725,4.60014579478007e-41
PLD4,0.7889783352318235,5.784486108907452e-41
ARNTL2,0.7136887544667306,6.364229551143959e-41
CYS1,0.8547615414643825,6.512918116036132e-41
IGF2BP2,0.6204682189213973,6.818778411586657e-41
PLCZ1,0.7894110687131777,6.984349799359438e-41
KLHL4,0.800144771519318,7.450534784413691e-41
TNC,0.8687490801480118,8.014813105091384e-41
CXCL3,0.7470062706337091,8.675129520340834e-41
TTYH1,0.4977823383923786,9.006500768517108e-41
SMYD1,0.8425270768860238,9.089045633354936e-41
CRTAC1,0.8026106408452255,9.499582160742305e-41
COLGALT2,0.8446993077354235,1.0464184580038778e-40
GALNT12,0.836435512352222,1.193781877389097e-40
LYZ,0.8177765264923366,1.2919063493908614e-40
RHEX,0.6545673687296257,1.3825895290702448e-40
CNTN6,0.825276292451256,1.5141932828004411e-40
JPH2,0.7361368649226459,1.5507110558600255e-40
FMO3,0.7122332445255506,1.721120729325145e-40
TGM5,0.7507751847680777,1.7771874448351825e-40
PLIN1,0.7777583920357027,1.8027276753725618e-40
ADH1A,0.8437912927659237,1.8124214767549308e-40
CCL17,0.8330456241545158,1.837477686052955e-40
IL22RA2,0.6712886123907353,1.995631010601605e-40
GBP6,0.7958719101638735,2.0455698273400094e-40
FAT1,0.8148298942059351,2.0900731045435153e-40
MPZ,0.5828827159044286,2.551108657148095e-40
BTBD11,0.866855991928489,2.6914333706283957e-40
SCN9A,0.8456680663560645,3.55361906240494e-40
NEFH,0.786934065411653,3.711583978738476e-40
GLP2R,0.7950258321087962,4.028770710372374e-40
GNLY,0.7725779740972138,4.7926943926300085e-40
COL1A1,0.8429901760802376,4.831456854591988e-40
KRT6B,0.7549406111651957,5.111756170299784e-40
IL2RB,0.8294939988885635,5.456325130458331e-40
BTNL9,0.7845662339136752,6.118436398051559e-40
MYH4,0.8203773252114732,7.35404591087336e-40
KLHL34,0.48624476307356296,8.451537473630878e-40
LEP,0.8569559851367985,8.65466553591564e-40
LAMP5,0.757394854637848,9.676728339077038e-40
LRRK2,0.8345387272290518,1.0322153151628944e-39
MYH1,0.8427230555342664,1.1019198582792348e-39
PCDHGA3,0.8313839221472956,1.1326311753548798e-39
HPCAL4,0.8185167766226735,1.1437059074867416e-39
ADGRE3,0.790471780004375,1.2010584513440952e-39
GPD1,0.8375081252377299,1.2133251179980508e-39
COL5A2,0.8451153137705969,1.24207322710061e-39
C6,0.8088034194436614,1.3498640450668034e-39
CLCA2,0.8249234517090969,1.3675382311586606e-39
CIDEA,0.8419231563372,1.731866058896169e-39
CLDN10,0.6760295170877997,1.7757997130901812e-39
SH2D2A,0.7910368424864523,1.782468683488727e-39
GPA33,0.8035686731128039,1.8202575463811205e-39
CA3,0.7930747703862788,1.8899895803797335e-39
TAC1,0.8100453914913669,2.1439839923710967e-39
PZP,0.786664121447987,2.3969510276270532e-39
LTA,0.8086627838469509,2.4088507630197945e-39
BMPER,0.8255094121567608,2.5294745629370625e-39
TNFSF18,0.8274849285163342,2.8910499173275324e-39
EMILIN3,0.7219999204023264,2.9175902611107355e-39
ZNF677,0.8135469673920005,2.980572339902413e-39
TGFB2,0.8268185027316928,3.03114265113252e-39
KCNS1,0.6242274830134938,3.20647257926163e-39
CTLA4,0.8114857551774609,3.319799871093107e-39
XKR4,0.77654192593602,3.605960250864226e-39
SAA4,0.6876336606472678,3.7915738841237276e-39
PDE4B,0.849547704867323,3.943205424422271e-39
NIPAL4,0.7145078822589217,3.945083580393425e-39
DUSP1,0.8327249115191495,4.189727317487164e-39
RDH5,0.8228978520131924,5.428313891877326e-39
GBP5,0.7516499229684644,6.536929699317356e-39
BCL2A1,0.6918355610199085,7.239314076540198e-39
KCNIP2,0.8458132379687588,8.711258281979658e-39
ACTG2,0.694391286691586,1.0747993440386479e-38
COL5A1,0.8392208662963063,1.245346869291535e-38
NCAM1,0.8000014364590502,1.3140329699399117e-38
TMEM151B,0.7338866843825052,1.3620390620346272e-38
PIGR,0.8059438307670643,1.475346946563337e-38
PDK4,0.7882987419039349,1.6403321157901246e-38
PPP1R14A,0.7837218469421913,1.8629568454095646e-38
OLFM4,0.7921671472200706,1.9317901997901676e-38
IGF2,0.7638626993622499,1.9800245169850376e-38
ART3,0.43144130578115575,1.9871531180780396e-38
TOGARAM2,0.8102786056780749,2.0231842206104374e-38
EGR3,0.8126449761012638,2.0936040711265814e-38
NNAT,0.8305759694994592,2.1619634643206786e-38
GZMB,0.7466591081637803,2.2511913563754537e-38
GRM7,0.8533345412353919,2.6576843262358994e-38
IGFN1,0.8280260693113214,2.9082693878208525e-38
TRARG1,0.8139733722879268,3.191445347285362e-38
LVRN,0.819568720615412,3.2248083112248134e-38
FNDC1,0.8259861733974388,3.577483657334939e-38
ADIPOQ,0.7954399523779861,3.656716891937455e-38
AC119396.1,0.7967438365324371,3.6572157880436157e-38
PCBP3,0.7678627175302479,3.887242841015225e-38
F3,0.8424025388229098,4.0374736937728174e-38
CYP26B1,0.7875625613455154,4.877991086485341e-38
AKR1C2,0.8165331629408425,5.470293579120672e-38
KRT16,0.6203862469424534,5.887820143497886e-38
AQP7,0.7842941059868136,6.253697439438441e-38
C1QTNF2,0.7931486772165178,6.649420138966948e-38
DCC,0.7910948898593265,6.660055354287556e-38
UGT8,0.6142646583116131,6.711704556204435e-38
KCNE1B,0.8319836417182926,6.765304726336734e-38
RP1L1,0.7697611715822076,7.115271900158104e-38
DOK6,0.7777509132167983,8.080095742586411e-38
ADGRB3,0.8119416937340423,8.43639297466696e-38
PITX2,0.7958129622826609,9.111277844144629e-38
FABP5,0.66466845900515,9.455086193090615e-38
PRDM6,0.7922334634938758,1.0922283282743856e-37
TSHR,0.7493061502227916,1.232340504509719e-37
NPM2,0.6936203747883051,1.239343647257048e-37
SGCE,0.8478317356837929,1.3415528478313107e-37
SLC34A2,0.7861245827123347,1.6008953207437199e-37
PCYT1B,0.7558524303855709,1.7059947471486972e-37
TESC,0.7667058994540942,1.7555655339428249e-37
G0S2,0.8402722956779844,2.315609096171521e-37
PAPPA2,0.8030838351430398,2.3222257019283452e-37
SERPINB5,0.7320999119085764,2.4048933579049796e-37
HLA-DRB5,0.7799435989805459,2.5396349934989173e-37
SLC7A10,0.8146021978522526,2.7078699000593974e-37
ASXL3,0.7777275893604028,2.7998103900953486e-37
COL4A3,0.7562659614254603,2.927784967836712e-37
FABP7,0.6257793868582969,3.3959210958739774e-37
FAT3,0.7756799630473679,3.497347794522157e-37
TRIM63,0.7885594852396245,3.5515525089694863e-37
TMEM35A,0.7193186644902596,3.6417239756446883e-37
LILRB5,0.8161316361855904,3.7361683618598144e-37
MTMR8,0.8018516675614128,4.011606379771065e-37
IDO2,0.7603398463358308,4.545108056143627e-37
POSTN,0.799329119656162,4.5536878919877964e-37
HCAR2,0.7965432181887588,4.71236968016051e-37
IRX6,0.7391472084128501,6.379715298646814e-37
SERPINE1,0.801982381105756,6.594860365485375e-37
SLAMF8,0.7715610713045769,6.643560913837957e-37
PKHD1L1,0.804896709962037,6.822696260516986e-37
FXYD7,0.7452332205779333,8.39458072446352e-37
GPR141,0.7955100682178947,1.3280611411386941e-36
LRRC17,0.6821892552131591,1.677143952582082e-36
CIDEC,0.8269368171558562,1.8542697661991853e-36
WLS,0.7781572629637821,1.921900522120929e-36
FUT7,0.7521794695420564,2.118587528506189e-36
C1QTNF7,0.7390705745858661,2.2851714188185196e-36
CA4,0.8095914015998776,2.349885112351878e-36
FOS,0.809092982464708,2.4755544401888443e-36
CNGA1,0.7186158045215595,2.5341531089765135e-36
BCL2L14,0.696448891719179,2.631707872839064e-36
ATP13A5,0.7899860555979776,2.7695051067621576e-36
POU3F1,0.8006487564159488,3.50549925518978e-36
ENTHD1,0.7904259244875729,3.507636652146514e-36
FST,0.8370334945152827,3.67032148527244e-36
CXCL9,0.7642078285191378,3.797065812481881e-36
EGFL6,0.7645158788048008,3.819892355992686e-36
PLEKHH2,0.8096800877374866,4.5409330247874984e-36
GDF7,0.7430175619552035,4.624049497301679e-36
OR52N4,0.7773772884406844,5.107638286415876e-36
DPEP1,0.7423448745388845,6.17480763546887e-36
LAMC3,0.8068955698977645,7.115216438207531e-36
OR2I1P,0.7505609574354745,8.593994209005314e-36
ADAMTS18,0.8062281108717904,8.927914555599901e-36
LCNL1,0.7574991456943894,8.940329550357447e-36
ULBP3,0.6818049636397121,9.545171247271468e-36
MPP6,0.7213004292884582,9.757063775795217e-36
SLFN13,0.8021423113506345,1.0580348552357298e-35
CCNA1,0.6757059073116367,1.0594551404771018e-35
MFAP2,0.8094831077980675,1.2064270016829484e-35
PRSS35,0.7784762177170955,1.218177373305218e-35
TENM4,0.8026829871784645,1.226583590808339e-35
RAB44,0.7807255423885919,1.2415230192666455e-35
SHISAL1,0.7811772642030226,1.3391431708702183e-35
CHST9,0.766869416729274,1.520302713319657e-35
WASF3,0.8167582719359823,1.6892483566354623e-35
FGFBP1,0.6155132198122233,1.9720385104206827e-35
GAP43,0.7776327111899052,2.1691558045273213e-35
DES,0.7860781899376581,2.1725341578610055e-35
C6orf15,0.5699251483659332,2.3143858179095213e-35
CALHM6,0.751502349387451,2.6859940711009317e-35
ART5,0.7956902801509733,2.705981889841636e-35
ARSI,0.8552053535099658,3.079597149258279e-35
NECAB1,0.8159548064523128,3.4933696248335225e-35
SLC16A12,0.7881286973697772,3.6344012060956633e-35
ABCC4,0.7916805206112034,3.8078298077052103e-35
SPOCK3,0.7781758333004296,4.031033030458317e-35
GLYAT,0.7965997413047997,4.104675892509398e-35
DYNC1I1,0.6798309921249144,4.390417549893349e-35
LTB,0.7552510715290657,4.468196872002556e-35
DOC2B,0.7890214418676578,4.5396083995235625e-35
PPP1R1A,0.7876671543038319,4.6131418350995327e-35
ARSL,0.7769378329248743,4.640622482808156e-35
IQCA1,0.8122987983122463,4.916331231780425e-35
NR3C2,0.8154309837825512,5.549933131424841e-35
ACKR4,0.8071702377757286,5.976461023000657e-35
CA6,0.4687948205722373,6.768390505850317e-35
RYR2,0.7521447863733884,6.929335500695561e-35
IFNE,0.7053820360465519,7.257723781875481e-35
IL5RA,0.791768487793473,7.302464633757303e-35
WNT5A,0.8149839219327417,7.46829518863389e-35
PLIN4,0.753562074680448,8.041570826766449e-35
ZNF728,0.7858044880553527,1.0054065208968238e-34
AIM2,0.695908316007152,1.0319718220859205e-34
C2CD4B,0.7874333661552597,1.0592539764627848e-34
SERPINF2,0.7980031966315302,1.0778805497479071e-34
WNT9B,0.7324012394583215,1.2582555678339429e-34
STK32A,0.7738181350296426,1.3121462653960188e-34
GCSAML,0.7388684612056982,1.3206325063973815e-34
MMP16,0.7312458913878064,1.3677582192967477e-34
CLEC4F,0.7065974604722152,1.550966827981503e-34
LGR6,0.7610520143187509,1.7189639334390452e-34
AK5,0.7811801678127546,1.7451835882529557e-34
THBS2,0.8045753453891276,1.943806865323074e-34
HOXD10,0.799743947267217,2.1720105408834604e-34
GPR31,0.7546990073544829,2.4970476333579e-34
NLGN1,0.7816291146614811,2.761025354590843e-34
AKR1C3,0.754889311778844,2.9104685549990445e-34
ZNF608,0.8481866882227713,3.1220744703742754e-34
PCDHGA12,0.7954023936121968,3.2794095225846466e-34
MS4A2,0.6720659641928597,3.611047379384706e-34
DERL3,0.7293009983103911,3.882586244209218e-34
PI3,0.5930434233989497,3.916044687515136e-34
HOXA9,0.7509653290491937,4.212071883092087e-34
MMP23B,0.7909964841770205,4.618080267133996e-34
NAP1L2,0.7651902001631112,5.1411173420220735e-34
MYH8,0.7636900611874347,5.472159983296927e-34
COL8A1,0.7581020768814999,5.5727161093743694e-34
SOCS1,0.7435327103482501,5.672208083667719e-34
ADGRG3,0.7426327730574156,5.849326415933783e-34
PNMA3,0.6422191049539159,6.328535059608154e-34
TWIST1,0.8202984020608823,6.545943259661418e-34
NKD1,0.7986356919539706,9.28812053518502e-34
SGCA,0.7292217707138517,1.004720652883891e-33
C14orf180,0.7749921832160085,1.077287421730052e-33
FO681492.1,0.7238840393442711,1.0967891075112712e-33
HLA-DQB2,0.7477145521932653,1.1639477903573199e-33
SCN4A,0.7509403363360165,1.2691362653934322e-33
CXCL6,0.6814302258251196,1.4407029115704779e-33
CAMK2A,0.7994433238139234,1.6266939203317302e-33
WNT7A,0.6857502005308662,1.712943882076259e-33
FAM3D,0.6037689151929772,1.7467779006392585e-33
GSTP1,0.7093897645906977,1.7693110013944342e-33
TP53AIP1,0.7476740122307273,1.862564772760519e-33
OPRPN,0.755591301844811,1.99842642638259e-33
STXBP6,0.7071917852493839,2.02351563455915e-33
TNFSF11,0.7981492082283086,2.0686998836615023e-33
TMTC1,0.7844670550411361,2.072076776333882e-33
DHRS9,0.7567700851605115,2.207121814061615e-33
KIF26B,0.7597503957612242,3.17069751364738e-33
PADI2,0.6356891244711602,3.176048959613708e-33
CFTR,0.7362319433331843,3.731214883973074e-33
CILP2,0.7634282572892526,3.766784723779748e-33
KHDRBS2,0.7614264360121952,4.124030970699859e-33
FOLR1,0.7110044172659137,4.233021365476298e-33
WNT6,0.5787453087274526,4.2732216417779596e-33
BTN1A1,0.6732103092387509,4.366083884854799e-33
CDH3,0.6834904658620794,4.428192580238762e-33
GPR182,0.761329096713451,5.3431187249015086e-33
WNT2,0.8020628700964323,5.790728539596026e-33
MT1X,0.7451601405468468,6.248498479692114e-33
CXCL5,0.5348273616440934,6.285148603877471e-33
CPAMD8,0.7343534866514663,7.187412222042595e-33
PSMA8,0.6308523872183067,7.389725846463395e-33
APCDD1L,0.6730549980991519,8.165761972144725e-33
INSRR,0.7890902811178058,8.737106050021137e-33
CCN6,0.6915886828926179,8.883404428854093e-33
TMEM74,0.6289024762033069,9.056296715437903e-33
TNNI2,0.6408254369423088,1.0673934606294303e-32
CDH19,0.5413903030860757,1.1526697324871036e-32
MYOC,0.7686730165593163,1.1871646241075563e-32
TEX11,0.7555603513379368,1.2367542861943014e-32
STEAP1B,0.5473972837234348,1.2899366054236918e-32
FOSB,0.7638397834069863,1.4920168998156082e-32
SLC38A5,0.7721515123986995,1.579417379621908e-32
ITGA10,0.6644759630710433,1.6738165815163318e-32
RGS1,0.7875703429921895,2.3411905565729123e-32
TDGF1,0.7546009871251182,2.478195401637206e-32
CCR6,0.7665938485899979,2.523297661448811e-32
SSTR1,0.6881570440170411,2.5326918062246304e-32
NPY2R,0.7765454435270581,2.80489020892711e-32
PCDHGA9,0.7466423499397215,3.0540475035015923e-32
LIPE,0.7069266646079636,3.358387709696503e-32
PNMA2,0.7921984570056304,3.6228828048972143e-32
PPFIA2,0.7355815648157713,3.6271187322881433e-32
SH2D1B,0.7319216020515114,4.294584196240284e-32
FMOD,0.7464429204770876,4.6117166722100616e-32
WNT16,0.7308648455741729,5.230668601056913e-32
KLK4,0.7482552282147564,5.500443356643521e-32
B3GNT3,0.7380360622329789,5.502880138297463e-32
BRINP1,0.7527715372776429,5.509161667152508e-32
PNMA6A,0.6942280530457385,5.726087237131751e-32
DAZL,0.6447710496824745,6.545853475910095e-32
MYBPC2,0.695455531465586,7.064401390071633e-32
TPO,0.5673230321707126,7.093193993885862e-32
PCDHB11,0.7191786945013687,7.180960448622951e-32
HS3ST3A1,0.7534815856474839,8.870968574905534e-32
IDO1,0.6484944329674802,9.356299942303507e-32
ASPN,0.7140494699455857,1.0599887320813503e-31
FGF16,0.7580738289627711,1.1054215921630887e-31
ST6GALNAC1,0.7434904912556228,1.1247224406712667e-31
CCL28,0.7367119260293233,1.1324855109743902e-31
B3GAT1,0.7386161052024465,1.2518981705884275e-31
NID2,0.7608061123134384,1.2965355418556578e-31
EFEMP1,0.7576163632618342,1.3886327205474799e-31
KIR3DL2,0.7056584861216614,1.621052797008415e-31
GDF6,0.7459588486310413,1.66776187295215e-31
ASB12,0.6677301651360816,2.111272586386735e-31
PATL2,0.7237283937492865,2.2319607702732553e-31
CYP19A1,0.7311557727589828,2.23915748426245e-31
PLA2G5,0.767561849053927,2.5656859997226973e-31
RGS6,0.7435112613372868,2.5859840688670984e-31
KLF5,0.6826137559179565,2.7427099788001763e-31
LCN10,0.754605518762461,2.798088226778086e-31
MATK,0.7344079717289015,2.80961031550374e-31
VPREB3,0.7098370430673621,3.0043751811096696e-31
C5orf58,0.7375846217051689,3.0203226149008013e-31
CCNJL,0.7419699335967811,3.3171770791464213e-31
RASAL1,0.6816582675615613,3.5440034893851278e-31
C4BPA,0.6860569438640451,3.8635259313987255e-31
HAS1,0.7244755785620978,3.998497413624589e-31
SLITRK3,0.7269107244708799,5.174499681705637e-31
CYSLTR1,0.7174654004948963,5.200284990927522e-31
KCNK10,0.716797161180786,7.081342781734071e-31
LAIR2,0.7191435233597495,7.228796548193162e-31
ANKS6,0.6598782267197414,7.528280180302708e-31
SIM1,0.7002536194903698,7.921713314966946e-31
CAPZA3,0.6660152923934233,8.37676678278052e-31
ADAMTS16,0.7101034911555637,8.511199032318011e-31
NPR3,0.6352100796483268,1.0070206201380577e-30
TMEM244,0.7591844439760737,1.0549721445832552e-30
TNFRSF13C,0.7018923482191692,1.2007656297672143e-30
HOXA10,0.7169228598780447,1.3170909810063679e-30
ZNF462,0.6717855499548172,1.3431148060829674e-30
PCDHB4,0.7350327590918322,1.4472170203690045e-30
NACAD,0.7412786493510043,1.5043458526856733e-30
IL12A,0.6955040681341738,1.5908067620479857e-30
SLC39A12,0.5128979877247617,1.7950413892620853e-30
PCSK9,0.722631539589628,2.0847313158236477e-30
ALPL,0.6935238732281789,2.1244578456320996e-30
ABO,0.7443052719086922,2.227911282129981e-30
F5,0.7088075622958354,2.4693150134114354e-30
ARSJ,0.7356411179059956,2.852656642360517e-30
TREH,0.7055005685692803,2.91262070004259e-30
PDE10A,0.707392221944348,2.9243191234315655e-30
LRRC4C,0.7001938187931871,3.073194137750283e-30
NKD2,0.7257411897407898,3.614499219322804e-30
ZNF804A,0.7357334187829654,3.6174794817857906e-30
ST6GAL2,0.7249606316862208,3.670599840768433e-30
AC007906.2,0.6459303127338041,3.73127578578058e-30
GRM6,0.6399715944491284,4.070364608294057e-30
POU3F3,0.6559952590060176,4.076154661224827e-30
RAB3C,0.7461087032535065,4.394937540234476e-30
CYP27C1,0.5488373234610291,4.6913001232597834e-30
GFAP,0.7116399684415666,7.132967276050629e-30
PACRG,0.7413322825754741,7.670707134240084e-30
GALNT17,0.6516618436993709,7.7732574156884e-30
MYCL,0.7367477367980355,7.788859735252095e-30
CPA3,0.615546816829292,8.373300729843666e-30
IFNG,0.6590355846807769,9.507444488370449e-30
DMBT1,0.6775689457932017,9.683406462408484e-30
WNT5B,0.6958665428656822,1.0437736352665567e-29
ADGRF1,0.7152190701582681,1.1725732187714435e-29
KIR3DL1,0.6606772840103188,1.181205776621585e-29
ALK,0.6507270314630209,1.2417591474834139e-29
ANKRD45,0.6111952753727509,1.2971717983855733e-29
SPOCK1,0.6992391876200015,1.384070714690605e-29
SLC2A4,0.7143056125306138,1.3975874046686482e-29
ITPRID1,0.5983797720876212,1.5031931334953504e-29
ADRA1A,0.7093731157255139,1.5171128211305005e-29
HAP1,0.7055737620781897,1.5944559292233057e-29
OR7A5,0.5711061110505018,1.6075101138629327e-29
NOS1,0.6647492678738148,1.7476817849262506e-29
NKAIN3,0.7154919245797582,1.866370814093931e-29
TMCC2,0.5345698678527773,1.9417736072598144e-29
BMP3,0.7053043342289005,2.0089990551998135e-29
LIFR,0.6782822548343626,2.1289396431545518e-29
PLN,0.7048293204621783,2.1472638358208094e-29
C11orf53,0.6799366818993481,2.3822530143397597e-29
IRX4,0.678155936281724,2.3978099349679797e-29
DIRAS3,0.7544635835869342,2.5475628925913e-29
TRPM8,0.49635492337870224,3.0121425839825314e-29
NCMAP,0.6154166340541637,3.2017158387350567e-29
C1QTNF4,0.7115105926887422,3.802071866354887e-29
LRRN1,0.7328482016732429,3.897877909539987e-29
GREM1,0.7392242447663699,3.9056800120235204e-29
TMEM132B,0.6808042292075179,3.994166816987215e-29
VAT1L,0.7238208325786282,4.6245228042975697e-29
C1QL2,0.49369219494579114,4.8489981385922803e-29
ZBED2,0.6884018545487266,5.313325749016796e-29
ADCY2,0.70257387727438,7.00165967272087e-29
TMC1,0.6217427772208051,7.499090393855688e-29
NDNF,0.6839062778900231,7.84091205381932e-29
IKZF2,0.7744386589078328,8.071791792391943e-29
PTCRA,0.6761623005909803,8.237324956035069e-29
TMEM132E,0.6184551235263255,8.32321075130843e-29
CLEC4E,0.679751792954012,8.394608097433172e-29
LGALS12,0.712542015895274,8.586464933265302e-29
KLK13,0.7070487386140344,9.008572243308821e-29
PCDHB5,0.6908919583634378,1.0966188161923782e-28
RASGRF1,0.6719731046884835,1.1280035401101194e-28
NR4A1,0.7212827431440121,1.2047025757292964e-28
FPR3,0.7137895632820692,1.2136541427690863e-28
GPR1,0.7482980863146544,1.2521644911689674e-28
PCDHGA5,0.7411144191906942,1.3200822264266251e-28
SHC4,0.5438173299504885,1.3427659605114106e-28
ICAM5,0.6328422738588529,1.3747813493694102e-28
LGR5,0.6085181612024182,1.476490022127378e-28
NRK,0.6721294806285879,1.7973863414420621e-28
PCDHGA2,0.7259388417723263,1.8465834031486662e-28
PCDHGC5,0.7391506260852438,2.0387082551188075e-28
IL12RB2,0.5316528763078818,2.1881061587821443e-28
ACY3,0.722275976152624,2.3569469247351256e-28
SLC24A2,0.6865808243493786,2.379567350253746e-28
CD163,0.6926084836831816,2.413528729487863e-28
ZNF391,0.7255358777540848,2.434796858442274e-28
TAFA3,0.471280006284272,2.70080735949727e-28
TMEM176A,0.7398113628362151,2.8277136833454093e-28
ZNF208,0.6961382735670623,2.854684937553072e-28
PRPH2,0.7188498640306329,2.961237493749923e-28
RGR,0.38173168138868796,3.0263236118631233e-28
WSCD2,0.6858118239613173,3.040009758961598e-28
SLC40A1,0.6530015009996198,3.1608359482244934e-28
KANK4,0.6562049101240293,3.177664708622101e-28
KRT81,0.5795093026119029,3.3528472439337564e-28
SIAH3,0.7417514206143655,3.4074410617613516e-28
MFAP5,0.7180704419783451,3.5428009838156444e-28
ZSCAN23,0.7053033980553165,3.9563889110279318e-28
SH3RF2,0.7399819646990374,4.163073767817778e-28
TENM3,0.689963310067117,4.166506039614498e-28
SLC18A2,0.6915321609951788,4.441631837959242e-28
DEUP1,0.604746642084096,4.71619706032221e-28
CLDN1,0.6352000814126835,4.95008613522934e-28
CIB2,0.6711957664006772,5.043012853524442e-28
FIGN,0.6737921386450924,5.763237592468585e-28
MLIP,0.6288108839465599,6.012654919436535e-28
LMX1A,0.6785095744159267,6.244218903910857e-28
SMIM35,0.7267693811299478,6.270377737153951e-28
FBXO39,0.7079903021186822,6.581773400315612e-28
SNTG2,0.6716876614332741,6.765895175189127e-28
FOSL1,0.5740364920396177,7.93585183513293e-28
CLEC2L,0.5514233487634764,8.40089836155105e-28
HOXD4,0.6984521553916128,8.746160700519689e-28
CX3CR1,0.6800672952895765,9.08929515569943e-28
ST18,0.6634738350369745,9.847643316920756e-28
SLC35F3,0.6997041962268179,9.997850632220154e-28
DIPK1C,0.6329796682480253,1.0479253018990178e-27
KLRC4-KLRK1,0.6921753033635718,1.1060554883936887e-27
FLG,0.690158200642456,1.1341177432521888e-27
FMN2,0.7214740081431664,1.1842908378393013e-27
ROPN1B,0.45748089418141613,1.3191054206946089e-27
LEMD1,0.4414715333660776,1.3440322214694796e-27
ADAD2,0.6920870560525259,1.6421429419610293e-27
ADAMTS8,0.7277426094081951,1.8650587903148572e-27
ZNF385D,0.7385720158648449,2.1195081376313134e-27
DAPP1,0.6591023300594115,2.2755764313936156e-27
HOXD8,0.7060330249185445,2.3807395085313502e-27
DSC2,0.6010991759797604,2.3993380069396664e-27
PLD5,0.6417509815302911,2.556531477075565e-27
GPAT2,0.7004332765816841,2.7608173469592412e-27
HAS3,0.6675827249361421,2.9242448860598575e-27
SLC25A27,0.7031140644384312,2.998044224937124e-27
CLDN8,0.7030190935749716,3.0694324897416354e-27
LRRC15,0.6980203291179524,3.177508796775672e-27
DCAF12L2,0.6842405786361558,3.185560472936446e-27
RGS4,0.6855950322612724,3.2112517033621375e-27
LY6D,0.5009851143363887,3.250062081428704e-27
OR3A2,0.6425410328914147,3.3375490619805385e-27
STEAP1,0.7333259078638525,3.405969720706701e-27
PLA2G7,0.6825172907307185,3.510704212629053e-27
ZDHHC19,0.6471798386912979,3.8020121122790955e-27
ANGPTL5,0.659041581259487,4.058472478078985e-27
CALML3,0.6958860451308659,4.072105611714632e-27
FAM181B,0.6828755994336089,4.751219222472652e-27
CHIT1,0.6976788397512117,4.8881880759939655e-27
ZNF711,0.6843611406337188,4.991469434178025e-27
HTRA3,0.682858232658364,5.107805095203491e-27
PABPC5,0.726475055529651,5.298662341720025e-27
RORB,0.6924143503227876,5.550883353196426e-27
PCDH9,0.7117861354587287,6.511902978288261e-27
FZD10,0.6719660776228435,6.660173438150135e-27
KCNJ12,0.7095746757389491,7.310227229993271e-27
SUCNR1,0.6897464817015413,7.466691447899408e-27
POMC,0.5759471419598716,8.46277051180468e-27
ZNF667,0.7048394648639527,8.71972344714049e-27
XKR6,0.7036255434615717,9.465866927505318e-27
SOCS2,0.7227274236856511,9.587801236554835e-27
FOXQ1,0.6427484877575121,1.0591839034386929e-26
CALB2,0.5790865577573951,1.3549681432019892e-26
PIWIL2,0.6654792538406183,1.4273707449625169e-26
SOAT2,0.6817457256577347,1.5134664837737693e-26
DDX43,0.6308512046008321,1.569426941993764e-26
BHMT,0.6533799732359284,1.573386520667572e-26
VTCN1,0.7361226326074473,1.5929070858326914e-26
ADCYAP1,0.6679389083102545,1.6841319215571862e-26
SYT6,0.6334781289429103,1.8828920607147913e-26
ELF5,0.6100482986103238,1.9810697849321913e-26
SCTR,0.6864346830501069,2.2003320284002068e-26
KY,0.6610636353648709,2.487225265847959e-26
DUOX2,0.6289153390033957,2.5681414715095732e-26
GYG2,0.7121297008416594,2.660887130647177e-26
RFLNA,0.6332005753615689,2.8152011885333934e-26
SEMA3E,0.6580058041072745,3.0702192514584367e-26
COL26A1,0.5952679229196911,3.1171932042492065e-26
SIGLEC8,0.5705924159971548,3.3583232742311234e-26
LTF,0.6842620423480544,3.4396387288461475e-26
GDF5,0.5199913968617315,3.5944009533877866e-26
TRMT9B,0.6827013378622545,4.2731359881322394e-26
DBH,0.6660337159838529,4.5730967172768126e-26
ADGRD2,0.6988111640707089,4.656614581640688e-26
CD207,0.6678939683681694,5.392203436192393e-26
KLK11,0.6866659326545255,5.907184526209287e-26
TPPP2,0.5185044943853887,6.224800377425876e-26
DLX5,0.48439052716660475,6.258527075252527e-26
CHODL,0.4781704220406935,6.759522185546439e-26
MUCL1,0.654381368633762,6.778115134051416e-26
SNAP91,0.6206894308238599,6.925481169606399e-26
COLEC11,0.6548630964485564,7.809110617978897e-26
MUC7,0.6499746547658745,8.070932748124856e-26
DPP6,0.6194763941871274,8.323436343090362e-26
NEURL3,0.6465527278319957,8.398050614274338e-26
PTPN5,0.6775712372508549,8.433387404544035e-26
TMEM108,0.6522986463425948,9.244830394100992e-26
PLEKHG7,0.6808553026801019,1.0411184646448508e-25
CARD17,0.5960199550603203,1.0484091471667806e-25
DLGAP2,0.6773547631512038,1.1771336093132382e-25
ITGAD,0.6682338545694445,1.2161596238118266e-25
PLA1A,0.6607013524003864,1.2729459204276271e-25
HP,0.6729142620942243,1.296019462794214e-25
DMRTA1,0.6272600344900502,1.30654990147643e-25
HTRA4,0.6708611217354093,1.4069705235110898e-25
IL1RAPL2,0.6587980320711153,1.4595761882043132e-25
MIXL1,0.6574663324201938,1.4987649965816878e-25
SALL1,0.6762860483761399,1.5294993065950339e-25
XAF1,0.6589655910685761,1.637304290568673e-25
CHI3L2,0.588703910131255,1.6857076434463825e-25
PTGDR2,0.7115308411469418,1.7663224520833932e-25
PRUNE2,0.6695179282671222,1.8315999813417902e-25
ZBP1,0.6331278584825694,2.1047631257688923e-25
ACE2,0.5831950445163071,2.1371553758709456e-25
SHANK1,0.6553110842863678,2.2116336043792534e-25
CNR1,0.7105348451634433,2.215650635195296e-25
SLC10A6,0.6893346005316813,2.4101074091328566e-25
SVOPL,0.6402125375795238,2.867364465751627e-25
CD70,0.6477844454381936,3.1359000637735656e-25
SLPI,0.6016788765060856,3.331858146788371e-25
APOB,0.6839996162313506,3.364791049616654e-25
ADAMTS12,0.6749902572124457,3.56038983118709e-25
PROKR2,0.38816030594717277,3.882280623893524e-25
KBTBD12,0.45343637578406293,4.134359023708888e-25
EREG,0.6767553120668299,4.307024323867369e-25
FCMR,0.6384060756474681,4.3904435921381e-25
CALCR,0.6733727935504312,4.818946791439747e-25
LAMC2,0.6497021233902376,5.076734615791977e-25
ZNF354C,0.6993178592572598,5.229088363724814e-25
TNFSF15,0.6684368357915901,5.2555177258843855e-25
C13orf46,0.685054630914147,5.388308757898382e-25
PCDHB6,0.6022155868320961,5.402520602447807e-25
ADM5,0.6713537952651005,5.468278431681486e-25
PSAT1,0.5092667520329388,5.60549787366733e-25
CCN5,0.6446240373040428,5.6075811610160885e-25
AMPH,0.6551721867674005,5.814839359106035e-25
CNTN4,0.687622721687742,6.100337779378431e-25
TPSAB1,0.5793686405565135,6.211166116203799e-25
GPR156,0.5736641127543604,6.257988654130702e-25
SLAIN1,0.6457983267753133,6.310127259457825e-25
KLF15,0.6785261286344433,7.093402312770943e-25
NTN4,0.6539167164319233,7.460920617757214e-25
PCK1,0.6645719720051704,8.044933044736799e-25
KCNE5,0.5541594517048094,8.243505483649218e-25
SOX30,0.6039744089854051,8.30512973256173e-25
RASGEF1C,0.44576990818621404,9.990934152783339e-25
PRRT4,0.6606580922022738,1.0524734019174247e-24
ASRGL1,0.6950716514363928,1.1510454784520889e-24
WFIKKN2,0.6506149476652964,1.1890605440140308e-24
SLC30A3,0.6487723480383447,1.402880626206075e-24
CCBE1,0.6977448696510735,1.865161828396212e-24
SMR3B,0.5494710250696083,1.987901823822701e-24
FRMD3,0.5348478208665323,2.079252178778343e-24
VWC2,0.5639614673925687,2.114304143008012e-24
HRNR,0.6538877265788263,2.1398571747013364e-24
TRDN,0.6513290725889673,2.2092326320495592e-24
ZBTB16,0.6159776166643426,2.3188252403448443e-24
KLK2,0.664169119331091,2.479074546948411e-24
CYP4F12,0.614718822801974,2.5378009895684686e-24
GLYATL2,0.6304342420121847,2.6089996465976498e-24
SOWAHA,0.6158885204438438,2.6648734655553328e-24
MS4A7,0.6428392473688385,2.6747548867810508e-24
LGALS7B,0.5584391068020186,2.9101177709731254e-24
MUC15,0.6492173300564369,2.9336371371083118e-24
TNFRSF11B,0.6556686671443015,3.044003515257362e-24
FAM133A,0.5682357223284171,3.2233776106074725e-24
TMEM156,0.6590197820873456,3.2578786088263325e-24
CHRNA6,0.6450915561136548,3.339273206015463e-24
MUC3A,0.6427885166868281,3.404994730248195e-24
SLCO1A2,0.5539017185952034,4.1067494856688524e-24
LRRC3B,0.6337710897485939,4.833004403655309e-24
ARHGAP40,0.6879793722563626,5.1557981439108196e-24
CBLN4,0.5758310721657827,5.186185575203544e-24
CDH20,0.6405257284518002,5.209739841615062e-24
SYT3,0.6550283800679884,5.211754488738338e-24
H3-2,0.6391325449804834,5.343790130239043e-24
PKDREJ,0.6124003424233129,6.124765363601532e-24
SYNDIG1,0.6488406203569043,6.241717781648629e-24
HACD1,0.5601239033584933,6.626096633070276e-24
SLC6A16,0.6555570931052276,6.993319760074884e-24
ITGB4,0.6322015251629374,7.289680504521168e-24
CPS1,0.6283813978643275,7.398818953906396e-24
ERVFRD-1,0.6444188374743428,7.521205696711305e-24
CNGB1,0.47322577551773254,8.830456544510171e-24
ADGRG6,0.6551361200942224,9.077333082898261e-24
LIPK,0.5423596877640336,9.125288923888579e-24
NEGR1,0.6229524239538801,1.0081151316710853e-23
IL1RL2,0.6233745690505822,1.0788327828153073e-23
TMPRSS2,0.6637344507101062,1.1547896278527262e-23
GLP1R,0.6121846347098358,1.1816398146528745e-23
B3GNT7,0.5131133262162854,1.2104372839524007e-23
MYH2,0.6642936080862234,1.2241023052526153e-23
CACNB4,0.6145920135919282,1.2829485626644462e-23
FAXDC2,0.682232200848175,1.557461099282387e-23
EN1,0.40361537103931994,1.6098358587193185e-23
CCR8,0.6526177622677302,1.6357258119191877e-23
CACNA2D3,0.6797921942003513,1.6687599376298935e-23
AKR1E2,0.5751943535195791,1.7484859085095708e-23
NPAS4,0.6108374580586453,1.8572064264586657e-23
NWD2,0.6290916634397301,2.0091216340878575e-23
IL1B,0.6415173769572646,2.018029249964819e-23
ADORA2B,0.5915806135317705,2.037704943962851e-23
COL4A6,0.6285092768750895,2.044223033057711e-23
MAPK4,0.5321953840869811,2.0599920630130933e-23
SULT1C4,0.6119362186480469,2.139722391407201e-23
TCN1,0.64695089436749,2.2261783935129512e-23
CDH12,0.5703250759604539,2.2571765896894776e-23
HOXA13,0.6160859083340813,2.2660807684774187e-23
GJB3,0.5184569024790049,2.331637740982782e-23
SPX,0.6195193991760053,2.6168208098003873e-23
ERICH5,0.530005030170431,2.6212853771539462e-23
AKR1B15,0.5869977457556673,2.703416965424711e-23
CHRM1,0.6058732050955538,2.763969418984493e-23
FGF14,0.6575134024977085,3.0486002161755364e-23
TGM1,0.4799795653105154,3.0827973792633125e-23
CTTNBP2,0.5940943658432128,3.1192431783148757e-23
KCNK17,0.6588433978673336,3.1722235295849804e-23
KIAA1210,0.6237217861128175,3.224160964391181e-23
RASL11B,0.6211464342400663,3.312035175572791e-23
PCDHB16,0.60706426088959,3.445097415495776e-23
DRD4,0.6506860405104803,3.577188955469386e-23
NPAS3,0.6734711533269993,3.833451253614065e-23
PKNOX2,0.6294897429645424,4.0547463542367156e-23
ANO4,0.6558694688805421,4.307136544540851e-23
PLCB1,0.6601307988942399,4.8097108662480684e-23
PDZRN4,0.6515509444340556,5.80499873870555e-23
LTK,0.6294682000533276,6.868808353720119e-23
KIAA1549L,0.5967306053075561,6.999637903736295e-23
CRLF1,0.5447565598014348,7.044283657915963e-23
STX19,0.5569381999528111,7.180660573287652e-23
PYGO1,0.6276203996972587,7.76978553200484e-23
IL21,0.5809556869821385,8.68643606588018e-23
ANKRD29,0.6587337509902639,9.541857235488882e-23
NTF4,0.6319858217988606,1.0603784772259136e-22
KLHL14,0.60464392625749,1.0622388310134264e-22
INHBA,0.6426150385344613,1.167946564474086e-22
TGFA,0.5809595433425124,1.257950203000474e-22
EPGN,0.6003720027590536,1.2617192142593312e-22
ZDBF2,0.6359163658482949,1.2901724480130415e-22
LBP,0.5875187844420121,1.293909738315709e-22
SPSB4,0.561813750116503,1.345878979651933e-22
SOX6,0.4965001408698267,1.3624219296809038e-22
KCNN4,0.5296838966901124,1.380401910173889e-22
ATP1A2,0.5830677200785287,1.4503258195987471e-22
SLC26A7,0.5823391606034015,1.520202737181076e-22
MFAP3L,0.6333426654969302,1.531783931570223e-22
CD300E,0.5874012555109044,1.5760116045292424e-22
ANGPTL4,0.6105162458148855,1.629996843587159e-22
WNT11,0.640637643635503,1.8008718484210857e-22
TNFRSF19,0.6225202840944503,1.815383421708724e-22
SV2C,0.6112667689929299,1.8258452640162446e-22
TGFBR3,0.6509534650632345,2.07839911034547e-22
DGKB,0.5931733367234628,2.1141543669937266e-22
TFAP2B,0.6418435656803584,2.233841692666507e-22
KLB,0.6296284530172401,2.297399319985699e-22
PLPPR1,0.6281686561992521,2.3309566128639933e-22
TNS4,0.616663042708906,2.544827187092137e-22
TRIM2,0.539739496990068,2.6111922078575584e-22
AADAC,0.6212340501435529,2.6156398469842736e-22
COL7A1,0.6202578428473886,2.771610384377061e-22
UCHL1,0.4909534012400624,2.9101924468463897e-22
CD163L1,0.6415173733899322,3.255753929950135e-22
PRND,0.5769661000831086,3.703989016586406e-22
RIPK4,0.6563922496842289,3.7894231811179727e-22
DIO3,0.6269728889394242,3.9763710443242086e-22
OLAH,0.35808058250178754,4.210955252670935e-22
CCL11,0.6194932337765744,4.2530091855709745e-22
EFNA5,0.6156793688664528,4.395357062725361e-22
SHISA6,0.5530328808363612,4.543475532155004e-22
ATP10B,0.5644611781253405,4.8380447192083595e-22
TIMP4,0.6266970848833097,5.058753193169069e-22
CXCL11,0.5913577936194336,5.558459237675039e-22
DSEL,0.6394609804704581,5.589777690140184e-22
MUC12,0.629891782356254,5.786897459855381e-22
HDAC9,0.6256409327197032,6.047626001490928e-22
FCHO1,0.6316949580800681,6.074205810376376e-22
TFPI2,0.6727247656083306,6.338429647585954e-22
CERS3,0.5430910061764898,6.496729859970481e-22
HSD17B2,0.6001330699228324,7.341536190972268e-22
ZDHHC15,0.6111310124106524,7.401707305657891e-22
KLK3,0.6486408338230698,7.874449408084297e-22
COL6A5,0.5558456400849592,8.017512114537662e-22
DRAXIN,0.5852935091425433,8.092370836049642e-22
FCRL4,0.5794030962802803,8.203615020163958e-22
GUCY1A2,0.6023447643712816,8.431818538990174e-22
TUNAR,0.520128708207538,8.83848309899761e-22
ADRA2A,0.5507027278573802,9.395119394213665e-22
DRD1,0.6379054288143793,9.434819416678914e-22
PCDHB9,0.5783146555470644,1.052668486071194e-21
HLA-DQA2,0.6083331611838076,1.1588910069630474e-21
ESYT3,0.5217967629033271,1.2113273715002195e-21
NTRK2,0.6322210531237237,1.2520160038451378e-21
CHST6,0.549856957027237,1.3555845468182553e-21
RGN,0.6046883101750322,1.6052428478421658e-21
KCNK5,0.46878933225437447,1.6152409150390385e-21
ANKRD55,0.621645179552675,1.6885206255708703e-21
CD109,0.5948591832049845,1.7052150354423785e-21
CRYM,0.6339281137544973,1.772271942920937e-21
BEND7,0.6205092852415199,1.9330047007295166e-21
CNNM1,0.5869132586440254,1.950979207559361e-21
NWD1,0.5859858195004225,1.9765402446469266e-21
MAP2,0.5044561580712534,2.0606900454842054e-21
TUBB2B,0.5709760004630475,2.4116376416745623e-21
SLC6A15,0.43063153470860965,2.5202620661267624e-21
SLC15A2,0.6130265691179105,2.7362367114786823e-21
HMSD,0.5131403337112266,2.7633676387177197e-21
FRMD1,0.61048622788965,2.8740215664099415e-21
SCD5,0.631471776169598,2.9221776252577007e-21
BTG2,0.5443973231836461,2.9465702085750728e-21
IGLL1,0.528688463675993,2.9991014865323918e-21
COL21A1,0.6191823014789213,3.0626415934554625e-21
PROK2,0.49223948222602937,3.2501076223859613e-21
ZBTB18,0.6790350012207818,3.3526042406516316e-21
PCDHB13,0.5970547020059238,3.3543226216901578e-21
PRIMA1,0.6015069300614995,4.023031101207463e-21
GABRA2,0.6326961446511195,4.0319072460772586e-21
ZNF300,0.5866889452934494,4.237548808866105e-21
SHD,0.5800062062509552,4.2588725710204586e-21
NKAIN4,0.593026857363474,4.472741502151853e-21
KRT9,0.39473207721983306,4.510261616542696e-21
SEMA6D,0.6235820582921616,4.561209893063381e-21
NCCRP1,0.5573994797752723,4.611836855339464e-21
SELENOP,0.5033164525038254,4.7117743147952805e-21
PTPRD,0.6240178285938013,4.772348792654484e-21
KCNB1,0.5726654217415875,5.015659268441909e-21
ADAMTS17,0.594918036289775,5.0253059868168226e-21
UNC13C,0.6097526215441844,5.329495764926827e-21
S1PR5,0.5652842802422948,5.4297052996589416e-21
ENDOU,0.5591667250203674,5.436273037132492e-21
SLC38A11,0.5539962904307577,5.463611358876601e-21
SLC15A1,0.45175330594558144,5.599397464397348e-21
XKR5,0.5832057757289596,5.681749201634025e-21
MYO16,0.5932190791137473,6.510839677088039e-21
APELA,0.6012592740113661,6.5367610336327354e-21
PAX3,0.5660560731360001,6.551886864686245e-21
RHCG,0.45017034038121034,6.589043131723599e-21
RBP5,0.6180577158358976,6.773598481981019e-21
NLGN4X,0.6261976976882692,6.811962511885342e-21
HKDC1,0.5571075706476505,6.952193320979507e-21
ATP13A4,0.6347761542376864,7.407810549998573e-21
CR1L,0.5329941027006678,7.69908131317089e-21
LCN2,0.5685309188271221,7.870665113422696e-21
KRT86,0.5407532583157361,7.924574455200876e-21
GPC6,0.6222950967331806,8.019623692545212e-21
TNR,0.6162456056494033,8.164240842592606e-21
FRRS1L,0.6147199568776684,8.261285611580125e-21
SLC26A9,0.39959925988698153,9.653607832155748e-21
S100A2,0.5156553492937092,1.036666609803168e-20
C1QTNF9,0.6062154897176399,1.0578849295943417e-20
PRSS51,0.5677883669754853,1.0966616431586332e-20
FRAS1,0.6044306872149086,1.1005911585966254e-20
ELOVL4,0.5500481446895265,1.1745056423936862e-20
APBA2,0.5483806967816245,1.1751373366689299e-20
SIRPB1,0.5978799920868964,1.2185378420191837e-20
ALPK2,0.63333165565081,1.2239221763254847e-20
SLC5A1,0.6331824788124644,1.2774146839352797e-20
HPGD,0.6087940759027781,1.2893587035690419e-20
GPRIN2,0.5609158878432425,1.2938194769053268e-20
OVCH1,0.5857639001110653,1.381794286319816e-20
EYA2,0.6243273776283044,1.5062824274784626e-20
TMEM59L,0.5912411192451276,1.541680436136679e-20
OXGR1,0.5392982901951553,1.5794803351854292e-20
DNAH8,0.6032780874569087,1.614201617094389e-20
ECEL1,0.5393402802616581,1.6248723004729427e-20
ADRB1,0.6398103304847151,1.676771369327263e-20
SLC16A10,0.5330709835966915,1.722570183102126e-20
RD3,0.5797655346527085,1.7900071593257084e-20
NUDT10,0.6160188967339001,1.89102424324067e-20
IQGAP2,0.5773695470600322,1.930599683088813e-20
MUSK,0.5600700981290995,2.1340830968252142e-20
IL13RA2,0.5808231239588177,2.1761761116309167e-20
ZNF676,0.5969649094044914,2.1882768027900195e-20
ABCC3,0.5993389398804023,2.3164318117693183e-20
TMEM150B,0.57563949495393,2.339133091406155e-20
BMP5,0.5754017257112719,2.3514422047335355e-20
EPB41L4A,0.5714589492727528,2.562221036894993e-20
TSPAN8,0.619223911627758,2.7375197806636744e-20
C8orf34,0.6119170943477734,2.988893083622953e-20
FN1,0.5971845494112118,3.051585165312375e-20
CORIN,0.5892335133444804,3.1703532132335924e-20
BMP7,0.5903998732652053,3.211342775307523e-20
KRT7,0.626509511702886,3.301364945478706e-20
AICDA,0.5355052814227637,3.5844902497482057e-20
PCDHGA4,0.6211044681781418,3.586865574443753e-20
PTGER2,0.6403334264365523,3.902775984092539e-20
BARX1,0.48101271273313906,3.9237345047721503e-20
CSN1S1,0.5579507572985278,4.2751875432779273e-20
SFRP5,0.5307272668733344,4.4731325929233376e-20
CRISPLD1,0.5916164875731686,4.910060441220884e-20
TMPRSS3,0.6207247596854195,4.965941575219437e-20
COL12A1,0.5723681010243689,4.9739528083198885e-20
CPA4,0.5189035410843992,5.365303116790891e-20
CLDN14,0.574898666308082,6.415965185430866e-20
ZNF471,0.6506240530932972,6.738319725841499e-20
FZD8,0.5745733839163092,7.392520349205689e-20
SLC24A3,0.6426245127493537,7.393196774157987e-20
ISL1,0.5581427649355014,7.601619514246672e-20
INAVA,0.5785547476020007,8.410820554257064e-20
CLEC4D,0.5426477488110647,8.919904450760956e-20
CSMD1,0.5690037631886471,9.248782479892346e-20
SPATA22,0.5491961312983927,9.262061563227722e-20
SLC29A4,0.5772306225390341,9.672994709470752e-20
CD1A,0.5599449875375442,1.1797356122580496e-19
MFSD2A,0.6207776415422745,1.2145836693842093e-19
SLC16A1,0.5293782971093712,1.2572626450099926e-19
NMUR1,0.5592466377451316,1.3023674535402056e-19
C1GALT1C1L,0.5537679935395105,1.3347915459261132e-19
PLPP4,0.6117205754738171,1.360516640563834e-19
ADAMTS14,0.6145393898393694,1.3684619116390095e-19
TNFSF9,0.5919311652925972,1.3687562499031344e-19
CEACAM3,0.5617243391911118,1.5415999535749971e-19
CARMIL2,0.5590399722602085,1.5491294636681442e-19
GTSF1,0.5332300381996473,1.7055656911437418e-19
DCSTAMP,0.5827965750311732,1.710278172021688e-19
EDN2,0.5714633160701847,1.7389988888778615e-19
IGSF11,0.5604943612670414,1.7483808498136192e-19
CSTA,0.5937529039076548,1.77956479708864e-19
GPC3,0.5888135042905162,1.9035833577119934e-19
ASCL4,0.6013035266782533,1.914509348009397e-19
SGCG,0.6185040627081743,2.0215206283516578e-19
KCNB2,0.49571236085672177,2.1521749933913413e-19
PM20D2,0.514064417654873,2.1688066360614136e-19
PLCL1,0.5943732420534322,2.1952386522573727e-19
P2RX5,0.5657283164057685,2.27228748480604e-19
TMPRSS5,0.4306355926590051,2.3273391697932657e-19
NCALD,0.5297225327015459,2.492020134270385e-19
PLAG1,0.5395189693767668,2.6337881094031623e-19
ACSL6,0.5185124403986787,2.727584763324707e-19
CYBRD1,0.5761307244243905,2.7839925599404916e-19
FCAMR,0.5093382685535519,3.0040128893994337e-19
PCDHGB3,0.6022824419110173,3.0487091040739655e-19
APOE,0.5819531723476044,3.52001946617657e-19
FAM83B,0.599858996134709,4.004964329841917e-19
CP,0.5669831698076315,4.09193602898882e-19
FKBP5,0.6025877113847995,4.2868969640776544e-19
ACHE,0.5818314516811556,4.2938719412531755e-19
KIR2DL4,0.5116802653795173,4.3335592967842475e-19
RNF212,0.5668932931185507,4.690914993798228e-19
ZNF157,0.5802037306116188,4.851419029253112e-19
NOTUM,0.5246761708058164,4.90053803621169e-19
KRT6C,0.4437099344610515,5.113432481572109e-19
EFNB3,0.583106316113029,5.595107822539846e-19
TPSB2,0.5136758189744431,6.369744559734927e-19
ITGA11,0.5776831494131512,7.1602873620188475e-19
CHRNA3,0.5856850307294214,7.559568894673268e-19
VSTM5,0.4569678008436115,8.344397263937757e-19
TRPV6,0.5728152939795965,8.489557494803733e-19
SDK2,0.6078870570101954,8.725270301254868e-19
IL4I1,0.540556641779112,8.932988541394726e-19
OXTR,0.5660373949784466,9.331520788003711e-19
SGCZ,0.5274856784797206,9.375523030169224e-19
DDIT4L,0.5928394760500186,1.0122917261260457e-18
HHIP,0.5549171347807228,1.1747322566288054e-18
TNNT2,0.56046570773216,1.2686976682567042e-18
HUNK,0.5769091353614468,1.4001904670623415e-18
KRT1,0.5540026167676863,1.4209137336740668e-18
TDRD9,0.5772852336515607,1.4622404092386432e-18
DUOXA1,0.5134502761557409,1.5177546451705304e-18
RGS5,0.5322514263679216,1.6706701161298487e-18
ARHGEF38,0.4996503420165772,1.7072167957590841e-18
RIC3,0.5994277093230063,1.710488045282394e-18
C1orf116,0.5969620216811202,1.7656390950858915e-18
HBB,0.5596019337638041,1.7740261479096078e-18
GCNT2,0.5492609098323405,1.7767549626705054e-18
CYB5R2,0.5143076484187016,1.8624877587694598e-18
HEY2,0.5401784288464007,1.880142092525354e-18
MAK,0.5672388928856853,2.0069246454693822e-18
CBLN1,0.576426506612692,2.028485270531515e-18
ITIH1,0.5659234143262697,2.061602281941909e-18
SORBS2,0.5454134782094471,2.1349633525786527e-18
SYCP1,0.5380190957054972,2.385458554653865e-18
GPR88,0.6028563170184809,2.43297926343537e-18
TIMD4,0.5439638670179897,2.4343698254422613e-18
CXCL10,0.5056273051634975,2.62116109042979e-18
SUSD2,0.5677393605390355,2.6644407815277455e-18
ERAP2,0.5767473630765225,2.7964399881199594e-18
DRD2,0.5685245632332662,2.890257127808253e-18
LRP1B,0.5964719160543487,2.9535647981765726e-18
RTP4,0.5208445109615292,3.005986694756853e-18
EPHX3,0.4488056312771156,3.2267815726155575e-18
DIRAS2,0.567761471159645,3.5482480101462425e-18
ZIK1,0.5632803084642779,3.663738783249179e-18
CCL18,0.5242642209652395,3.728107162293672e-18
CLEC6A,0.5096316757255168,3.7670283345876464e-18
MARK1,0.583917769173163,3.984781952454265e-18
SLC14A1,0.5343876218010594,4.466115591437446e-18
NOG,0.5541671194201807,4.698687002500147e-18
ALX1,0.40285558939068655,4.7289256974114695e-18
FRMD5,0.5341052175373356,4.732809460383028e-18
SLC2A5,0.5287539318345942,4.980624855808384e-18
KLHL30,0.4984630369730049,5.164807342596472e-18
SCRG1,0.36485031974140947,5.268833177033274e-18
SPINK2,0.5690042357541693,6.405946552903313e-18
VSX2,0.4918633720365998,7.20873198128028e-18
COLEC12,0.5672581079933492,8.383673273732722e-18
CPA2,0.45105532682472743,8.430629506128746e-18
CCNI2,0.5494677607324101,8.46969796514042e-18
KYNU,0.5563568395611542,8.746245756573902e-18
DKK1,0.5221255361238315,9.402581880223643e-18
SLC6A3,0.5585843591863153,9.518172635472591e-18
OBP2B,0.561471272374359,1.0035595062113857e-17
ABCA13,0.40628905246394914,1.0184286841422437e-17
CD80,0.5438495117704679,1.1793776896382324e-17
XIRP1,0.5363167208592535,1.216615890094121e-17
JAKMIP2,0.5704529441577972,1.2236008087459854e-17
CYP26A1,0.5466541585217077,1.2420180268006991e-17
ZBTB7C,0.5429584890899355,1.2913919449621672e-17
TMEM40,0.5660807959650169,1.2966002040139504e-17
AL845331.1,0.5642255981033224,1.308470780671944e-17
PADI4,0.5669296285613817,1.408679486694456e-17
NIPAL1,0.5322754679186489,1.4292922073153802e-17
KRT15,0.5521049286299778,1.5240447040208787e-17
SNX31,0.5620844035564885,1.6814320756158607e-17
ART4,0.5547777110882041,1.708583500561367e-17
RASD1,0.571490741127211,1.791956664842732e-17
VSIG2,0.5642198052579016,1.801150989018246e-17
PLPPR5,0.5456277828293621,1.8744268095266867e-17
ZNF727,0.5448455870973637,1.8971682603197402e-17
SCG2,0.5899967271915341,1.941678277894183e-17
TMEM215,0.5568659046219304,2.2605921787462986e-17
ASS1,0.55663417534206,2.2704371761024603e-17
SESN3,0.6130116505217975,2.336934384757611e-17
CXCL13,0.5609777029344357,2.5549317797128423e-17
SULF1,0.5529943441365798,2.71864571543902e-17
MUC16,0.500660093545259,2.7453958054353608e-17
C3orf70,0.5192495856602463,3.082932444394194e-17
PCDHGB2,0.5693611146058041,3.102867779151275e-17
MYO3A,0.5017894948450338,3.15457033008103e-17
SUSD5,0.5015391393908413,3.217849645099906e-17
FAM216B,0.5493581741225146,3.2717356542501507e-17
PRODH,0.5888815571281574,3.279680100345521e-17
SLC26A4,0.5109175879316954,3.2837009144790275e-17
SMIM24,0.5636783561910859,3.3389447437645254e-17
SEMA6A,0.5739684819604842,3.346014572900898e-17
TMEM272,0.5459760347935549,3.7911142736759486e-17
PNMA8A,0.546764838084357,4.191298509852445e-17
ITGB8,0.5328559260211934,4.7616747744048953e-17
FPR2,0.4965040145409264,4.992074945720928e-17
ILDR2,0.5145743259287148,5.372359475217505e-17
FAM189A2,0.5648023783081588,6.282644778810683e-17
KRT23,0.5089799725871819,6.289235310306846e-17
AREG,0.5645647111963977,6.348522877142665e-17
DNAH9,0.5400110093301301,6.358648452431766e-17
TMDD1,0.5591270254313543,6.360966865950179e-17
GALNT3,0.5761513452292126,6.408186809104286e-17
MYL2,0.538040126934124,6.438929236034221e-17
KCNQ4,0.42688124321984094,6.441263259732023e-17
SMTNL2,0.48803446016447133,6.612845465654422e-17
ACKR2,0.49039190263990706,6.690292446766351e-17
ZNF280B,0.46139771482574105,6.805005022487288e-17
ADAMDEC1,0.5246863696904874,7.179120472426784e-17
TMIE,0.5049262392105551,7.193617571217486e-17
MLC1,0.4826510731034078,7.408147103738506e-17
SLC9A4,0.49136202054608774,7.575858051296822e-17
RAI2,0.5026889610540857,7.777165087808595e-17
CCL8,0.5259795355500468,8.212859428952089e-17
PLEKHS1,0.5722138896196565,8.458419440643515e-17
KRT77,0.413818867643249,8.911690727889256e-17
RNF183,0.5443300291263434,8.918817394886917e-17
GRP,0.5159471451134136,8.934742866389175e-17
IL31RA,0.4993394231302758,9.016884772713018e-17
ANKRD34C,0.5634555640866369,9.740861157617585e-17
ADCY5,0.5299449584173903,1.0483698622630071e-16
HOXA11,0.4799171528568139,1.1186366068428782e-16
SPINK5,0.49685747327111673,1.211295643558014e-16
ZBTB20,0.5272154752396365,1.226336067781596e-16
EPHA5,0.540872840968309,1.2584922372496553e-16
MAOB,0.5582921904262123,1.2658721458380636e-16
LDHB,0.4456384673152827,1.2687550784609117e-16
CREB3L3,0.5378901428297743,1.3443164438081035e-16
SNORC,0.3839496296301334,1.4152110781701014e-16
PCDHB3,0.5174650747967879,1.4583644447554433e-16
OIT3,0.5314184353538116,1.5096317181953325e-16
FRMD7,0.5282016705111174,1.5278598258834488e-16
KRT6A,0.45215597732681306,1.639762176404583e-16
HES2,0.5467110903429817,1.6436008261198806e-16
EPHA3,0.5324313490673428,1.662229100553042e-16
CYP8B1,0.4865706154520997,1.7579928087395121e-16
VANGL2,0.5473203460559075,1.7618649632838694e-16
AJAP1,0.5547687774593394,1.8695398540252126e-16
VASH2,0.5054630430745898,1.9596279109435629e-16
DUSP26,0.5591000859738584,2.017084418505973e-16
TLL2,0.5511085540455923,2.1192290279762097e-16
CHRDL2,0.45824209457112763,2.1696704192031616e-16
TAS1R1,0.4754256333777629,2.1977053138885054e-16
CAND2,0.5113689994764399,2.213420029668309e-16
NKX1-2,0.3328560367208897,2.278562459821455e-16
OLR1,0.5039729469720753,2.3500222593536772e-16
COL9A1,0.36011757399469424,2.3799206892140214e-16
COL10A1,0.5092400235467157,2.443091699929436e-16
BMP4,0.4993289740608198,2.473288224527351e-16
SERTM1,0.4826900171456926,2.593658970120933e-16
OOEP,0.44212898305924486,2.833175607966028e-16
KIR2DL3,0.4876963744352664,2.8356535360658113e-16
SLC12A1,0.5102326751941931,2.922876915105314e-16
SLC4A11,0.49251498436295305,3.013016345898741e-16
C2CD6,0.4955791086833692,3.110998167587349e-16
CXCL14,0.5339497238705192,3.168616928174128e-16
OSM,0.5210130295805927,3.2454765215170405e-16
STEAP4,0.5457405582600685,3.289737215809715e-16
KCTD14,0.49925865180598084,3.3169997636512394e-16
RADX,0.5429292659469518,3.5712353355512634e-16
RPE65,0.4429114263747207,4.06945997821212e-16
MYCN,0.5258133944288905,4.177282263478312e-16
SHROOM1,0.533198627821389,4.2254049511720803e-16
IGF2BP3,0.34678326148880867,4.542107339973017e-16
COX6C,-0.5441404632258213,4.696375415507714e-16
PCDHGB5,0.5230429820844095,4.836697060186223e-16
CHST4,0.4013633457250026,4.922362763540077e-16
STEAP2,0.5409575983148875,4.981851309422588e-16
PCDHGA7,0.5584341491029652,5.045212427838262e-16
KRT79,0.39863411513410324,5.059617804646923e-16
NAV3,0.5039654667368108,5.594229846419951e-16
ARSF,0.42118412892005186,5.613381129782323e-16
HS6ST2,0.5437973832418669,5.686492711047812e-16
PAX1,0.5092725891559416,5.763933589894042e-16
ASB4,0.5301177732130058,5.766171546918343e-16
CSMD2,0.47595053347099936,6.076654572342458e-16
S100A9,0.490171830711778,6.147726058696479e-16
GJB6,0.4252216512988512,6.282250880373161e-16
ZNF578,0.5059855194843397,6.461340325620893e-16
FCAR,0.48167504550050694,6.743217682312723e-16
SDK1,0.5306281136951341,6.909331233885809e-16
TNFSF10,0.522376085238184,7.191269242863449e-16
STMN2,0.486266869669059,7.38941669873557e-16
GRHL3,0.49792413379090555,7.403883563717041e-16
CNTFR,0.525843082488873,8.250057138660134e-16
RIMBP2,0.5615961014179893,8.655371654263936e-16
PDZD4,0.5274489238323743,8.764540266428623e-16
NEUROG2,0.5125432921355502,8.773754570240014e-16
COMP,0.4800864480689918,8.799677354681035e-16
EHF,0.5474667615136075,8.821194748196528e-16
NIBAN1,0.5586936837252509,8.829391628165075e-16
UCN2,0.5105910737339011,8.892406865355956e-16
TAFA4,0.3923837591479219,8.969687201570816e-16
SEMA3C,0.43566515195022154,9.714348789179919e-16
LRAT,0.5372704303467923,1.099681292561799e-15
PLCH2,0.5328430143141822,1.134277395018712e-15
TCF15,0.48002419695266807,1.235851370646291e-15
IGFL4,0.4909285709937816,1.2799334037722629e-15
SCEL,0.3944056650846076,1.3274130147288323e-15
MACC1,0.5293143523482468,1.384861787143322e-15
CSN3,0.317347314413541,1.3923528412371677e-15
DGAT2,0.498260734920993,1.4815794978983055e-15
COX6B2,0.5548415816353341,1.5757647475270216e-15
COL11A2,0.37472109520082997,1.5840300581603352e-15
MACROH2A2,0.5190807799247268,1.6802396397343315e-15
RASSF6,0.5403539233305,1.68370182156673e-15
CDH8,0.4857771083911121,1.6885485983930742e-15
SLC4A4,0.5509092468669197,1.7709839003405697e-15
NKX6-1,0.5455311350475658,1.9025700992778693e-15
ATP2B2,0.47730661237848593,1.962426000873861e-15
ETV7,0.47889045924342744,1.9852293347367534e-15
EFS,0.5638318187012583,2.0316722281691585e-15
ALDH3A1,0.5208839843953759,2.060507086093465e-15
WNT10B,0.5145669637512044,2.0620345589334795e-15
KCNK2,0.5475209285213744,2.1061138742324643e-15
ACP3,0.4993700749198826,2.1391748644768183e-15
IFITM10,0.5227080636344574,2.2492722150235455e-15
SLITRK4,0.5080625098489642,2.343481751826194e-15
DUOXA2,0.476180559365392,2.349366020879136e-15
PAPSS2,0.5433803092632351,2.412660050854739e-15
HERC6,0.5356208546506677,2.4271131165019138e-15
SAMD11,0.5152948593891086,2.4575610772322202e-15
HABP2,0.5271204211311291,2.4973299716464086e-15
C14orf132,0.45750173375897163,2.5827240416886202e-15
CCDC33,0.5067760804315276,2.7017417707844564e-15
HTR1B,0.5170021540188641,2.7261134739137127e-15
RHOV,0.5063343996010522,2.8043077636560772e-15
ITGB6,0.5139084620922086,2.867776050744567e-15
ITGA2,0.5182840954530903,2.9202565961797916e-15
CPA5,0.5201602930470823,3.0176693431316746e-15
MS4A6E,0.5120753742255498,3.1406966678402745e-15
FGF20,0.5123366703983454,3.205943050335174e-15
CIBAR2,0.5166787826231667,3.3237379895316294e-15
KRT2,0.48354722496198443,3.3281627469512344e-15
MYEOV,0.49281997002090816,3.7674000182089975e-15
KRT39,0.48331071556049854,3.838534365151784e-15
SLC52A1,0.5241040831316421,3.872779570246215e-15
GAL,0.41450260800559713,3.882326699114409e-15
SAMD9,0.5100873333261786,3.8878373932248525e-15
ESRRB,0.5092645486562533,3.890260678868947e-15
RTN1,0.5353742899115933,4.093440336487183e-15
SLC5A9,0.5016494971782455,4.102387474768643e-15
PDE11A,0.4623537662032777,4.186143701652358e-15
ZNF488,0.46096791440492696,4.2710991801872934e-15
NBPF26,0.5081051549178512,4.548889554241941e-15
CASP5,0.4617302734700922,4.6606588648105595e-15
P2RY2,0.47770782383552424,4.831814890272854e-15
PPM1K,0.5633592863102156,4.858185731281854e-15
JSRP1,0.49622897069576,4.917444252710814e-15
SIGLEC11,0.5050301287274599,5.153460484479554e-15
RHOXF1,0.5155054835156428,5.2440244337991284e-15
STYK1,0.538806597866372,5.4123060678816084e-15
AIF1L,0.4812493575028204,5.47419775622448e-15
MARCO,0.4417250932868883,5.474423567339449e-15
MYZAP,0.5323909411150668,5.59338456007614e-15
HERC5,0.5012489481700269,5.6013059743596684e-15
ADGRB1,0.48896235272577193,5.646167132985534e-15
SLC6A20,0.4753140594597727,5.902744797701216e-15
ANKK1,0.5167462031122227,6.066965282029579e-15
RAET1G,0.4968603749415851,6.115405985998659e-15
SLC39A2,0.47997384851003083,6.158615294797729e-15
INSL6,0.47679660623851416,6.4651912642885715e-15
L1CAM,0.478085501994714,6.559320986278011e-15
COL27A1,0.46574711391903056,6.8018663635918345e-15
VSTM2L,0.5335389091804779,7.173584774196995e-15
CD22,0.4330462168511267,7.470759751031406e-15
JHY,0.5254908399227418,7.538180222599907e-15
PLCB4,0.5319675480680649,7.570023905211389e-15
GOLGA7B,0.5300856902259854,8.025221138838177e-15
MYOM2,0.506730010481985,8.094293424657545e-15
APOBEC3A,0.4889543136125443,8.272688862016378e-15
GALNT5,0.503947692148329,8.300414339528927e-15
ZNF648,0.5252243635335581,8.386380810422198e-15
ERC2,0.4924049957295502,8.547749384842448e-15
HECW1,0.5219264324643527,9.125762361315811e-15
PCP4L1,0.46847957701337617,9.414232458976331e-15
ACTBL2,0.47256513360369734,9.540505637761042e-15
CCL4L2,0.5008184303239077,1.0041580959527365e-14
KCNG1,0.4096798749736766,1.0137454954941897e-14
DLK1,0.48486519458288785,1.0175451251887597e-14
CAPNS2,0.4298557801254515,1.0182172642503651e-14
SOX21,0.4495843546697271,1.1365024139288119e-14
FAM240A,0.24656872448290523,1.1818043539197048e-14
DNER,0.39304275994729737,1.2001884866756531e-14
ULBP2,0.46215336781443367,1.2133896232183957e-14
GAS2L2,0.5013717504212092,1.2708961031912462e-14
TMEM92,0.49283910502705547,1.2873344956157855e-14
MOGAT2,0.5127044789423865,1.432597725703507e-14
ZNF334,0.5061280478831138,1.4377430770176722e-14
ZNF365,0.49050103603052464,1.5071712930677882e-14
CCL20,0.42101721854291385,1.5598942271190168e-14
CNTN3,0.5248172108904386,1.5649139751873923e-14
SHISA2,0.5044093003671479,1.603967055296005e-14
MEST,0.38189815857033016,1.6904539184331546e-14
SYCP2L,0.4525015440204365,1.7134053951268538e-14
PROKR1,0.518502416187574,1.7704261432185183e-14
GRIK1,0.543717313792051,1.81942612612205e-14
ANPEP,0.5380205853701611,1.9132195752644398e-14
RBP7,0.48107991936704136,1.915576999972514e-14
KRTAP2-3,0.42078396975035726,1.944941045633088e-14
PRR18,0.3943770509557013,2.002156053773044e-14
IFI44L,0.4869927432568465,2.0262004172388728e-14
LPAR3,0.5032020956480748,2.0830844204137276e-14
NECAB2,0.4685895256478634,2.096746749653792e-14
ANO1,0.48667623855749775,2.1178305640301168e-14
NFKBIZ,0.5384060132751265,2.235171335063346e-14
ERMN,0.5109173976659045,2.344906608129761e-14
GLDN,0.4859408396260775,2.3533730152561183e-14
TDRP,0.5210968285400672,2.3990448480449233e-14
EYA4,0.49846922455230197,2.4131046953576566e-14
CSF3,0.4837603283912515,2.6822069796995253e-14
MAB21L4,0.5233711397999805,2.7285255771457787e-14
WIPF3,0.4569761402432745,2.82143239244548e-14
TCIM,0.49312574227369044,2.8324667278461076e-14
TNIK,0.5144501653336702,2.9097104686931324e-14
STUM,0.5286975362425704,2.997297067836042e-14
NPAS2,0.4781720426096993,3.0271687600720867e-14
DNAH12,0.5121970098465253,3.060343164971573e-14
GNA14,0.46964441918939426,3.137532759099376e-14
POU5F1,0.3502315513930209,3.159325962889036e-14
TMEM45A,0.4526296900846678,3.2655743176753575e-14
CFD,0.4748476578872932,3.3272074392995696e-14
LZTS3,0.4548629663123539,3.385487594399168e-14
LHCGR,0.4982371957671087,3.4223396448621094e-14
PCDHGA10,0.5063585812391727,3.472301050114722e-14
PNLDC1,0.43973098744711964,3.5111750924304904e-14
ENPP3,0.4198426686052198,3.6191851216754197e-14
LAG3,0.45944059342488347,3.74749338780535e-14
SLC22A16,0.40130565470644053,3.83762892710802e-14
NAV2,0.5026204237402462,3.905823689033831e-14
ELMOD1,0.5018565644751306,4.047959044778447e-14
UTS2,0.47617365019249625,4.259233180337212e-14
TMC5,0.389265318612106,4.282713593064322e-14
FAM131B,0.5146427282166869,4.367303210671488e-14
RGS7,0.5119143849078958,4.385080765909398e-14
S100A8,0.43673989689214965,4.4341554013722357e-14
CWH43,0.44700099264342386,4.499327066492438e-14
IL1RN,0.49667044862651133,5.111832976796592e-14
KCNJ10,0.4486953623925855,5.672585755448318e-14
GOLGA8A,0.5239267759736976,5.67320978297626e-14
RSAD2,0.48314347017340603,5.675425243281156e-14
GCNT1,0.5022535362421142,6.122488690375459e-14
QPCT,0.4350412334824696,6.271909595356222e-14
PTGER3,0.46485221608425376,6.69890773375015e-14
SCN8A,0.5171585663554361,6.868672811770342e-14
MEP1A,0.47714480776822094,6.953959111894592e-14
SCML1,0.5103904509402208,7.006080800823665e-14
PRKG2,0.49443590940129334,7.07822573984067e-14
CSF3R,0.47758177480125685,7.092946346376112e-14
GLRA4,0.4954224084224689,7.212810265640455e-14
RAET1L,0.36211053057672576,7.485555008537315e-14
FAM155A,0.5020370813149931,7.998099126180748e-14
AC068580.4,0.5018554218118952,7.998510271296137e-14
CDCA7,0.4305160563109411,8.09039676686759e-14
SLC13A5,0.4673427831434113,8.107357904179772e-14
BTNL8,0.49775701325256255,8.266254407819238e-14
HK3,0.4576464916143328,8.420254905943128e-14
KRT72,0.4112237361546893,8.651799832475874e-14
GHR,0.4574354261730337,9.316029670449025e-14
MAPK10,0.47650322710659654,9.882294323290956e-14
PLEKHG4B,0.4867510999039171,1.0881567821802158e-13
C8orf89,0.48939135852882165,1.1035911342408106e-13
ARSH,0.49026673065188997,1.1131530166113367e-13
GFRA3,0.3293148981886621,1.1309619625506512e-13
ITIH2,0.49914597275504524,1.2052402462360243e-13
INHBB,0.46388617976962776,1.271091548318597e-13
C12orf42,0.4948887407456771,1.324237176341116e-13
WDR64,0.5020204235552699,1.3697167993304721e-13
IL22RA1,0.4722622167377408,1.3821191852787335e-13
FAM153A,0.4730621982134923,1.4383724046615872e-13
ACER1,0.4829637651340434,1.5745125058711907e-13
ZNF662,0.504020890959469,1.596344807159084e-13
GPC5,0.4582371426544464,1.6865848231022716e-13
MATN3,0.41096469642643885,1.7147078819837397e-13
GSDMC,0.40471879156678586,1.75280417862917e-13
SP6,0.4770390703191343,1.7636934645886286e-13
VWDE,0.4854969915855792,1.7920651084901147e-13
C8orf48,0.4899815855728893,1.8082589252631376e-13
SV2A,0.5010526129770129,1.811244688465115e-13
CTNNA3,0.47693843039618167,1.8535635331219285e-13
DNAI3,0.48862065353619005,1.887362068091988e-13
FZD9,0.31552236970343533,1.9098825735437107e-13
LGALS7,0.4575703715707562,1.9968306889175335e-13
SLC13A2,0.4628341092474132,2.1452610192238152e-13
CUX2,0.5011767741160398,2.1465732824168887e-13
TRPV3,0.4380429756637084,2.1508853863089674e-13
SIGLEC15,0.4568649607916589,2.2626295541840427e-13
TRIM50,0.43068423759666713,2.2676791677183002e-13
IFI44,0.4640544402898614,2.298921957308573e-13
NTNG1,0.5228735313514714,2.363759710669287e-13
TTC22,0.4872073363989295,2.7480243959401095e-13
HCAR3,0.4588765608562856,2.8298141573592337e-13
ZNF835,0.4695200149575053,2.8616002393366794e-13
RPRM,0.4148680392650495,2.9735208288623664e-13
ADGRG2,0.3637781598247656,3.0108369633568317e-13
HTR3A,0.3871070174717197,3.2237526131138415e-13
TMEM171,0.39573038052339826,3.240491799215789e-13
SLC13A3,0.4779344827915014,3.3397388286583337e-13
C4B,0.392477454903083,3.3482249230618906e-13
PCDH11X,0.4408319459882308,3.355970843841135e-13
BAMBI,0.5104302416398802,3.3885392489128907e-13
CHRM3,0.3657858618442451,3.5558804666247243e-13
RNF39,0.48861594915546513,3.639340041949086e-13
HR,0.44405632958780483,3.697975410711846e-13
MYBPC1,0.48449871654682575,3.7059261781434936e-13
IGFL2,0.48927173065641427,3.7153921033672863e-13
SYCE1L,0.4496023234041633,3.7908994541528736e-13
ATP6V1C2,0.3686919059724245,3.809884863395367e-13
KLK14,0.4402684727464706,3.86918635964314e-13
FOXI2,0.4735737769866765,3.9907526158609567e-13
KMO,0.5037574570305359,4.1203245378853195e-13
DNAH6,0.473382794459813,4.20751696954011e-13
CLIC3,0.4403550237984891,4.296660390976877e-13
AHNAK2,0.44198672068105316,4.359622231360792e-13
C1orf115,0.48059743741556776,4.4295388571705896e-13
FUT3,0.464748616122904,4.470792940960227e-13
ENTPD3,0.49166716381800474,4.85849752081984e-13
SLITRK5,0.4487791182242761,5.070615407122073e-13
PFKP,0.42721764634529136,5.249359768992712e-13
ATP8A2,0.4871311150627283,5.281523630850662e-13
SYT14,0.4606083659448479,5.618616099914921e-13
KCNC3,0.501567451682712,5.729764069639208e-13
VIPR2,0.49235059999766007,5.981770493598258e-13
GJB2,0.4875529199455139,6.354440652729564e-13
PDE5A,0.49612859223667866,6.374957091477663e-13
TUB,0.47261253086029564,6.531517785307482e-13
SLC6A7,0.45964490575365025,6.606635912598778e-13
NRXN1,0.48877114251449505,6.811217962801869e-13
SOX9,0.4681230527354364,7.032403885341492e-13
SGK2,0.45811731827223945,7.541915715210682e-13
EML5,0.4803375905752531,7.561370120154172e-13
ODAM,0.34119924016539266,8.229088223690253e-13
RSPO4,0.4053971764734211,8.302152070434156e-13
FCN2,0.461080074007585,8.548329577098677e-13
MPPED2,0.4432030014212177,8.772662470826208e-13
RUFY4,0.44539499370763974,8.832678261807881e-13
DDO,0.4546620092570588,8.86449729102247e-13
PRSS16,0.4947589283818444,9.133365203954307e-13
CCDC68,0.45351270835250834,9.757945114542834e-13
MYOZ1,0.42562511740961617,1.0411756437776745e-12
CYP21A2,0.39775666001988624,1.1181251387171151e-12
RETN,0.4430642345505008,1.1320104867774505e-12
HOXB4,0.48239679494356963,1.2620095025427565e-12
FAM240C,0.461800611619376,1.2767305673588586e-12
ZIC4,0.38504962845965246,1.4400880220752564e-12
GSDMA,0.46623893472391853,1.4591999503476576e-12
GJB5,0.4129379920075729,1.4918507627922306e-12
ABCB11,0.4675767669543993,1.5079745674509715e-12
RIPK3,0.4461975007650909,1.5523839689439233e-12
AADAT,0.4283015764367969,1.6066005473776227e-12
KCNMB2,0.45336136682809847,1.6199219503515826e-12
ANTXRL,0.3539574054263157,1.6246882694485086e-12
KRT4,0.40592853953362196,1.6260360115765497e-12
PRKACB,0.5189750565626516,1.6583732305145472e-12
FREM3,0.4221977728965035,1.7169566188850732e-12
SBSPON,0.4720353015874035,1.7410860308652444e-12
DNAJC5B,0.4718629789711873,1.8739867404707993e-12
GALNT16,0.4291688329071307,1.8957635603861513e-12
KLHDC7B,0.3896269610865947,1.9988103800875742e-12
RHBDL3,0.46807930771409534,2.0754419912739366e-12
BRINP3,0.46084906043719975,2.4149322678009157e-12
SMOC1,0.3834241153654027,2.4510658966567573e-12
PMP2,0.39577132237324153,2.4751043012441147e-12
FBN3,0.3354620595378828,2.718136235380889e-12
CEACAM1,0.4406523683959916,2.8489351601728213e-12
SOX5,0.46909591092079916,2.8512979753702888e-12
MAP6,0.4691801562282458,2.8773688630326345e-12
NPFFR2,0.4688014823988236,2.913936451080198e-12
BCHE,0.4622822512622848,2.935567646592687e-12
DUOX1,0.43352282637037215,2.96825444136677e-12
KRT83,0.3353365817306886,3.0022738446407745e-12
GSTA1,0.3953444177501178,3.2137073259015737e-12
TTPA,0.45490080237621355,3.2928465060436696e-12
THEG,0.4473482914719574,3.2959911567054853e-12
PTHLH,0.47858670828486405,3.350726666528051e-12
CMYA5,0.3896316861150029,3.379198473519369e-12
SLCO4C1,0.4345965673897718,3.4028969389859377e-12
CDRT1,0.4385464344951925,3.418881200847426e-12
S100A12,0.41632532641051306,3.5145086267879107e-12
C1QTNF3,0.40783031930194125,3.5497399914920938e-12
PPP1R1B,0.46939025462153344,3.6376310680913022e-12
OSR2,0.47067043063396574,3.640540661808809e-12
XDH,0.4122457543492115,3.71647490068911e-12
KRBOX1,0.43602475832343623,3.834421714837127e-12
PCDHGC4,0.4607819919145066,3.868077247575931e-12
ABCA4,0.4372306535124576,3.878865190606111e-12
GPC4,0.43859370086787663,4.013884249908892e-12
ACSM4,0.44452150049559913,4.047299685648093e-12
MS4A14,0.4656456659984162,4.129557288909851e-12
SLC14A2,0.4491696777442779,4.263850573739632e-12
TDRD12,0.40677890051901977,4.316807943968116e-12
TACSTD2,0.4241070067879723,4.338945121582187e-12
PCDHB8,0.44261656270914895,4.5611909087248684e-12
HOXC11,0.4952627305973577,4.570833555642915e-12
SH2D4A,0.49098777172605124,4.598422229729375e-12
TNF,0.4065865746800191,4.780660990505561e-12
NKX3-2,0.4571445018760734,5.027460942360484e-12
PSD2,0.44025600991499764,5.084988439891501e-12
RAB36,0.48220763572981473,5.21385087821635e-12
OAS2,0.44879524030177226,5.265022575140994e-12
C4A,0.3882011955795776,5.266158576857903e-12
SGSM1,0.4369228570860768,5.267256999253817e-12
AL136531.2,0.4515892140059231,5.485716033015761e-12
FAM189A1,0.4581226830754096,5.511238908513425e-12
MYL7,0.4611304450945602,5.570830007935936e-12
CCR3,0.4396350002514281,5.9834451463839775e-12
FAM171B,0.48017920384520324,6.257526828990481e-12
KCNH3,0.4727759544620763,6.334683404003767e-12
EMB,0.44760908751887274,6.447848632488638e-12
FSIP2,0.43457493065968,6.563963561369243e-12
CHP2,0.4196213121674903,6.832575569662359e-12
SPATA18,0.4530975327894663,6.910116388174401e-12
RPH3A,0.46877920458557176,6.991932152687635e-12
OR2W3,0.4317549695097999,7.112697239693932e-12
LY6K,0.42313143857900926,7.417273196444808e-12
HORMAD1,0.2458193122023944,7.61970202216571e-12
KCNK9,0.40955805778960724,7.87235541834984e-12
BEX5,0.4210629960504354,8.195824815153844e-12
KCNT1,0.46593642000177654,8.470712702772812e-12
IL1RAPL1,0.4572222427248853,8.921965125583115e-12
C11orf16,0.4153201860697408,9.015014671714852e-12
PROK1,0.4602034493983256,9.021427906187198e-12
ERP27,0.46184731227948306,9.071259343297209e-12
ATP7B,0.3858919544591587,9.09586615004516e-12
LRRC31,0.4306894463790944,9.467290092627994e-12
MMP8,0.4361024849662817,9.483108062652635e-12
IFIT3,0.444852071851362,1.0660421321272214e-11
SOX15,0.4240566176703226,1.1793220673293238e-11
AC010980.1,0.42432113045894426,1.1896405318285372e-11
HS3ST2,0.44824714800111576,1.2002028238345878e-11
C2orf72,0.46210481654336877,1.273271037693948e-11
ST8SIA6,0.4086103379638593,1.2848904150537152e-11
DNAH2,0.43204610064817406,1.4006864442045576e-11
ZP2,0.40161837430738945,1.4218092112640886e-11
PCDHGB4,0.44754599155815333,1.4665066986657242e-11
SALL4,0.4502732600168456,1.4821326518686353e-11
MYRIP,0.35442992360193476,1.563853881700232e-11
IL20RA,0.44099475623292445,1.660546969672596e-11
CCL3,0.4412019710645308,1.7259317285983244e-11
CYP4Z1,0.4154501663146413,1.7493360335391236e-11
AC092042.3,0.4512333673826078,1.75626424549293e-11
HAMP,0.4422634180523388,1.7562785290064967e-11
IQCN,0.420034170748251,1.761596482715216e-11
TCHH,0.43630455270434165,2.0213090920153866e-11
AOC1,0.46823394599154344,2.0355749769377923e-11
HTR1F,0.43940362506092356,2.0877969064699338e-11
NMNAT2,0.460522422007711,2.2619074330689083e-11
MAP3K21,0.39460302798076374,2.2809275194708375e-11
GGT6,0.47593455044217703,2.3060353460662123e-11
SYT16,0.4247953210076849,2.454154298126979e-11
IQUB,0.4199411103340045,2.623045523155775e-11
MIA,0.30375404372611825,2.6609294497825403e-11
STK33,0.39648831152465197,2.7728775800219166e-11
CGNL1,0.4570183835651373,2.8346870238409938e-11
CDC14A,0.47788522966485786,2.8469330929564008e-11
VNN3,0.41173130693588966,2.91290794709386e-11
ADAMTSL3,0.4090011439314558,2.956748713453364e-11
GCNT4,0.4413227694996852,2.9618336703094305e-11
TRIM17,0.444107351757952,3.002337732176364e-11
PTPRH,0.45509013873754245,3.015686350320373e-11
HOXD11,0.3813720502223484,3.1820314972253364e-11
GPRIN3,0.463782699468286,3.1995787072005365e-11
PCDHAC2,0.44729595268491473,3.339219906401052e-11
SDR42E1,0.42891923573208146,3.3602813707997975e-11
AMIGO2,0.4444391706762821,3.41416625655278e-11
IFIT2,0.42204641664325365,3.528357888177371e-11
NTF3,0.44263299093267783,3.55393921600032e-11
AQP5,0.38281335070482275,3.784456345806851e-11
FUT9,0.442349561932069,3.792039289106326e-11
HYDIN,0.4619222835022634,3.805812506284222e-11
ZBED9,0.4339565687308291,3.815127370077829e-11
CTF1,0.45575103507369225,3.8896573226776614e-11
NCAM2,0.3855332358037967,3.9380019382828146e-11
GBP3,0.43876637954223285,3.980046974448586e-11
FOXE1,0.4159936772634949,4.120420237724377e-11
MYOZ2,0.4517510096752149,4.1685926928587664e-11
HMGCS2,0.39830526826522245,4.2826362054167485e-11
NOL4,0.3726590714782204,4.297365852850709e-11
SLC16A11,0.4495407138047828,4.389121035417126e-11
CRABP1,0.3980404558549623,4.5607937795756095e-11
CEACAM16,-0.46908266493449197,4.5919244706001455e-11
MZB1,0.38680837824952236,4.6393881022791183e-11
RAB39A,0.43110097506602296,4.665783930981201e-11
ABTB2,0.38662837797851873,4.666923580047955e-11
DPYSL4,0.41779185236940275,4.7695725547180035e-11
LRCOL1,0.4503791304476935,4.786174332800225e-11
UBE2QL1,0.45945255763384796,4.938570399422428e-11
COL4A5,0.3716980750321773,5.087435863304022e-11
CEP126,0.4066305404200205,5.278071948164232e-11
CHRM4,0.42378846385658825,5.344351585310314e-11
DCX,0.41415172895070435,5.46493587889106e-11
SLCO4A1,0.4154247269591857,5.6105106210025655e-11
GPR39,0.40918926446902487,6.237747190560205e-11
RBM46,0.3415083232723623,6.245095717256933e-11
VEPH1,0.4405060868749776,7.055601054856145e-11
PAX9,0.3441337783777431,8.198921094354336e-11
FBN2,0.4140052608484398,8.269769601271882e-11
CDH4,0.38418797814564387,8.680836995794111e-11
TAT,0.44220252761753254,8.751649114343563e-11
ZIC1,0.34962344731947587,8.799651323086972e-11
TSPYL5,0.4195917681839042,9.010688652252132e-11
ZNF99,0.4286337011729998,9.2890596660331e-11
FLT3,0.4329925455836332,9.296605520192224e-11
PIANP,0.4215641953348188,9.33950645608974e-11
ADM,0.40043097670825895,9.77974025000663e-11
S100A7,0.4093331141796545,9.985690269674178e-11
SPEG,0.3884604420831351,1.0172685372918884e-10
TMEM145,-0.416790133118283,1.0242407930001669e-10
LYNX1,0.4096261676531803,1.0452401990345738e-10
C2CD4A,0.4298854099472985,1.0660435762396158e-10
PWWP3B,0.3822373186050173,1.1087021933223869e-10
CNTN2,0.4323031386749592,1.235447509875337e-10
CLPS,0.41158929627207164,1.253919534484226e-10
ANKRD22,0.41025179011495183,1.267670435226241e-10
PGLYRP4,0.32259875472250255,1.3433077810881004e-10
CCKBR,0.2338855218363095,1.3673473453549184e-10
PLAAT1,0.4143210172323238,1.4150231683132892e-10
GPR84,0.3933249198772916,1.4578236760254324e-10
POF1B,0.43862233038673226,1.4965455195891824e-10
GALNT13,0.36381744956585327,1.503030678424717e-10
HMGA2,0.36250658340044484,1.5201515851822565e-10
SIGLEC14,0.39301044751291453,1.5650502224862931e-10
TMEM158,0.36912628712267803,1.6383605629518183e-10
SCT,0.42672523107714844,1.648385990315237e-10
LAD1,0.4072037491740871,1.655393551009631e-10
NBEAL1,0.4141282628529743,1.6766484786298262e-10
CXCL17,0.4073098776529045,1.6952393930307572e-10
CLDN2,0.4034440818872225,1.7997277412554762e-10
KIF13B,0.3985121281429632,1.9432461716206495e-10
TNNI1,0.45025482824736407,1.9546386355918715e-10
GPR63,0.38770105782539976,1.9990182849421942e-10
ADRA2B,0.36702640227788563,2.1029773303041503e-10
FPGT-TNNI3K,0.41477195422136487,2.184592051687226e-10
EPHA7,0.3708269578408173,2.2379507245767473e-10
SGPP2,0.42162898799901694,2.3226971839166063e-10
FRMPD1,0.42999213307666917,2.3305527746361493e-10
CATSPERB,0.41105289687344815,2.3408181539470665e-10
MELTF,0.2859786415696163,2.341569525453242e-10
FAM184B,0.40105332312187264,2.3781483920479776e-10
MDFI,0.39165074360774166,2.3783183733908774e-10
SIK1B,0.42737579391007285,2.383844387153016e-10
CCDC85A,0.4204404358259428,2.402907813696988e-10
CD177,0.4384082162581181,2.405156176176258e-10
EFHC2,0.4339287332360471,2.4624689147782336e-10
DLX6,0.23801896154621527,2.49990740360745e-10
A2ML1,0.2727593888585861,2.5233282201123423e-10
TTLL7,0.43322229981824945,2.5252895322461765e-10
NPTX1,0.44255201102441155,2.582726424141817e-10
LY6H,0.41282509782092625,2.670698039714324e-10
DSCAM,0.39946452880508965,2.7017480010255203e-10
ALOX15B,0.42984279862783725,2.722805903781907e-10
KNDC1,0.43246977378951557,2.7566793557722136e-10
RXRG,0.4021787684404907,2.795836833344476e-10
ANKFN1,0.42283732323197065,2.8055344931158756e-10
ADRA1D,0.439298282894016,2.892522904328061e-10
WDR49,0.4245205587362013,2.9182427228757525e-10
GRIA3,0.43126999227668983,2.9284251769098984e-10
TTBK1,0.4177601120448692,2.997708765800634e-10
ZNF536,0.39498488748490834,3.045579307022186e-10
PDZK1IP1,0.4227192501230004,3.076401621059219e-10
NR2E1,0.26365611943141676,3.106801121130314e-10
SH2D5,0.356247488348116,3.182016748039854e-10
KCND2,0.41874028994732393,3.1920004191307837e-10
OPCML,0.4022859295268205,3.223550640327845e-10
GATM,0.4163051482837398,3.4038024984915704e-10
UGT2B7,0.3445568705037385,3.4273799155668607e-10
HOXC5,0.40289745967899343,3.4377145793874453e-10
CCSER1,0.43787714044450154,3.489745510058257e-10
RDH10,0.33595218160725415,3.4962948094760045e-10
GABBR2,0.2750610835136298,3.5711367377324866e-10
EDIL3,0.3977769558610562,3.636617952572602e-10
FLRT3,0.38278018997568175,3.650713567528363e-10
TFDP3,0.4127041968395294,3.9922317043689995e-10
PEG3,0.3888701087205911,4.154305184752376e-10
DUSP9,0.35607654140089545,4.390980966970438e-10
AQP4,0.3632691191434585,4.4083577402058506e-10
SERPINB2,0.3601630131692337,4.599261284502372e-10
MROH9,0.39324265176798245,4.711675936295465e-10
LGALS14,0.4077543080230004,4.996438845451082e-10
UPK3A,0.4290860320436224,5.157790248580412e-10
SEC14L6,0.41620274677309305,5.242004878227847e-10
B3GALT5,0.42827339502240624,5.750595240839166e-10
GLYATL1B,0.40625061580936117,6.08725116679166e-10
ZNF385B,0.4218085626332613,6.242950530448857e-10
HRC,0.37342604820079534,6.266389678347488e-10
CLCN1,0.4243222106649288,6.299078671034344e-10
CPN2,0.40836584337856513,6.361519053682179e-10
SLC46A2,0.40622048574955466,6.640027393426868e-10
FAM9C,0.3664534958919117,6.685991168174502e-10
HDC,0.405121296123813,7.2502088406532e-10
HRK,0.3325495934817082,7.93194508973599e-10
CHRNB4,0.3928773682027433,8.120336001659963e-10
AKR1D1,0.40391886077426137,8.179186099918171e-10
MAGEB4,0.21503448828695435,8.392613083615652e-10
TULP1,0.38487203347332327,8.402182808561004e-10
SMOC2,0.374319787637304,8.481925822121515e-10
ABCC2,0.4028382206577844,8.502234345169118e-10
HOXC10,0.44794668247169245,8.522122739307662e-10
TMEM211,0.3219034639382425,8.856590355568253e-10
CYP1A1,0.412758674510323,8.92883445244197e-10
PHEX,0.4070804805488919,8.999797978429558e-10
PON3,0.43024353094221546,9.221985752550081e-10
SNPH,0.41104183447794124,9.430533040814378e-10
UGT3A2,0.41423726783447523,9.880543505257308e-10
CADPS,0.40574973310569534,1.0029300394902784e-09
EDARADD,0.4134934741827075,1.068120495521362e-09
CFHR3,0.4120737890201317,1.070970609824094e-09
BFSP2,0.4174683688754568,1.1051711108811591e-09
SIGLEC12,0.3743418966497985,1.1874643846585878e-09
NLRP2,0.41537138861107203,1.2298486667023516e-09
LGR4,0.42620816133140293,1.241779916347329e-09
PCDHAC1,0.4080351637914185,1.2826235013558766e-09
GBP7,0.3865542872771601,1.2872324112164101e-09
C5orf46,0.36693963815790825,1.2879437631758454e-09
RFX6,0.4145660403517663,1.2890134924403674e-09
PSD3,0.4189152347144455,1.3517436939110053e-09
KCNK1,0.4427729923926308,1.3900945272006072e-09
VSIG1,0.4060113958198953,1.425562847880171e-09
BAALC,0.4191551614420542,1.4451424527029899e-09
FAM221B,0.3781205600575716,1.5078755235629075e-09
AP003071.5,0.40489068935698647,1.5100877990299825e-09
GLRA3,0.41465391919856714,1.5480568445380406e-09
ISL2,0.3372758236902136,1.5893453323379902e-09
CRYBG2,0.401779562093776,1.5942380199514258e-09
PCDHGB1,0.39432539717067977,1.699204819373867e-09
MUC4,0.3715756707926754,1.7086089948664822e-09
SMIM38,0.39285951944728775,1.7089994943630158e-09
CITED4,0.41898042494084786,1.730835071817307e-09
NXPH2,0.39870967604844065,1.870560149533141e-09
GPR162,0.41188117343258623,1.8824085666813096e-09
MMP12,0.35268121590245644,1.951979964051598e-09
SLC45A2,0.3671148793345324,2.0727430012891156e-09
PLAAT4,0.346903839958185,2.218015103336412e-09
CFB,0.382011745382745,2.2366613991721742e-09
CST6,0.4126507160295457,2.2504881468508018e-09
CXCL8,0.36534456869224335,2.253058023239207e-09
TENT5B,0.41447043579234305,2.3001878866798736e-09
FSD1,0.3273036951862498,2.3603159838913445e-09
NBEA,0.3161760745461154,2.3738203272392558e-09
CST2,0.35962921040240436,2.39094602179693e-09
ALX3,0.29036314508585614,2.424524017199294e-09
AGXT,0.40950464367337813,2.4290966363752492e-09
ANKRD2,0.39370266647890884,2.4502936899711193e-09
EGLN3,0.37901989551327797,2.4726368625724146e-09
KRT12,0.3806689622833949,2.513912070791088e-09
IL17RE,0.4003014003842754,2.5906644464640134e-09
PNMA5,0.3342659022971345,2.633565664148926e-09
LRRIQ4,0.40861056704545984,2.649516650195534e-09
PEG10,0.4129861832198826,2.6731226746000482e-09
SPINK8,0.3693576521119224,2.700690691386955e-09
BCL2L10,0.35690418292516235,2.732346198445208e-09
HBA2,0.38557578668508624,2.733274837048096e-09
MFSD4A,0.3180808666476887,2.7577286567100334e-09
TNFRSF10C,0.3982193714618457,2.8166962432122114e-09
ACTC1,0.3885974335658955,2.8685023596379984e-09
AFP,0.3963417660363537,2.881879100637859e-09
IL1A,0.33694943462897636,3.007562863794765e-09
SMIM6,0.40430147272739847,3.1413157024526194e-09
ATP6V0A4,0.39759248375258033,3.158560121783957e-09
OBP2A,0.3851821663625746,3.2203368351222934e-09
CMPK2,0.3814519659643816,3.2486131979930073e-09
SELENOV,0.33005159676510115,3.2688439861368856e-09
GJB4,0.33133293505949835,3.2880359375251412e-09
SIX3,0.32858494245809916,3.377001009088829e-09
GASK1A,0.3966975273861093,3.4124514108221696e-09
FOXL2,0.35418325063885736,3.4522816282379684e-09
DDX60,0.3882382426494133,3.4597904817576767e-09
GPM6A,0.41206853327549753,3.5549408777976683e-09
GP6,0.39386237185574613,3.5716666935459027e-09
ODAPH,0.3641173299072965,3.628150168578105e-09
RGPD2,0.38947269816047814,3.77563447486268e-09
PCDH8,0.2892132898839407,3.815785886146033e-09
HAO2,0.4067377273927179,3.8696520308078315e-09
PTPRR,0.3657053016239642,3.8936823288760385e-09
COL9A2,0.39194743679543953,3.956246593209096e-09
SLC30A2,0.4028742907630911,4.1333763841444835e-09
SCGB2A2,0.3592621287287562,4.1868697187729016e-09
ANKRD7,0.35949274471772175,4.196604499062944e-09
DNAJC22,0.3541514808821462,4.268342013707823e-09
C19orf81,0.3929193874929149,4.4531321419936686e-09
ZNF135,0.3988385281375064,4.555134773780787e-09
NPTX2,0.3562296655496352,4.583309596916851e-09
TMPRSS13,0.386029813503624,4.6970978611716064e-09
RNF182,0.29286880847331864,4.709458352921029e-09
PLA2G4E,0.31377511527889607,4.7464080679164344e-09
NOTCH2NLC,0.3744021084977907,4.898389915878368e-09
HTR6,0.33048776179300043,4.942438076351003e-09
GRB14,0.40004291313527873,5.065910468958451e-09
VGF,-0.38357684397548153,5.130573302692799e-09
CCDC160,0.3529883014813773,5.131666752896347e-09
PRKAG3,0.30362855995574134,5.488918818635286e-09
CALML5,0.3657415719386399,5.596057909316679e-09
MOG,0.21960403175385154,5.825365208827571e-09
PLAAT5,0.38747164895753666,6.112785613220039e-09
GRIN2D,0.37383840533362034,6.143390255949457e-09
TBX20,0.3693738775679297,6.28469048255923e-09
SLC16A9,0.3672333362709562,6.36267444890651e-09
MSTN,0.3788995244054312,6.402848121920511e-09
TRIML2,0.2763944787576489,6.467784641735794e-09
FAM166B,0.38154490085979065,6.550751154300184e-09
GABRG3,0.32439741002777417,6.629576302783199e-09
SLC1A1,0.39564056438395495,6.6488454986621115e-09
FOXA3,0.3934893001607058,6.764385580198211e-09
BEGAIN,0.3806847594002616,7.002979192631702e-09
SERTAD4,0.37097911180025345,7.220055876929846e-09
ZBED6,0.3754569144922529,7.384952017650774e-09
ASPG,0.35853328085937264,7.466007852490496e-09
RGPD4,0.3818105624596759,7.500075726306359e-09
OTOF,0.376797490548724,7.521141697775892e-09
NT5DC4,0.29024369002420397,7.682506960088289e-09
NLRP14,0.36806079307444395,7.793274357596032e-09
RAMP3,0.3912391743751707,7.892445911875784e-09
TMSB15B,0.3283791087281173,8.221537039564623e-09
CLCNKB,0.3786470466896984,8.224584027451531e-09
LINGO3,0.3841131618336937,8.770921044060014e-09
SP9,0.3363747576467812,8.779217973151159e-09
SMPX,0.2635770756030378,9.187836201534104e-09
TMEM64,0.41231959264437906,9.270936081407412e-09
ELAVL4,0.36001020025027486,9.274445995062469e-09
FAM90A1,0.36555295484797534,9.823523949919759e-09
PADI3,0.36429445716832615,9.827121794139113e-09
ZNF98,0.37867483252444295,9.897255200266464e-09
CDH2,0.3693128886181082,9.917759915625105e-09
CREB3L1,0.3511145268185782,9.979743000564048e-09
EEF1A2,-0.3215422734300848,1.0081477453531479e-08
MYMX,0.3670776258761816,1.0166766514523282e-08
GSC,0.3886319783490407,1.0276958743838055e-08
HOATZ,0.393008109274763,1.0305384040699071e-08
TPSD1,0.3632439934702787,1.1188739842378097e-08
GPR78,0.3696213536343397,1.1295210335784423e-08
OLFM1,0.34658644453760395,1.1431889336244486e-08
THRSP,0.35885992061014194,1.1450799555791066e-08
L1TD1,0.37259244673891323,1.1710235148487689e-08
GSTM2,0.3671517813943891,1.1937793039567793e-08
NEK10,0.33445573737895196,1.209659357323596e-08
IGFL1,0.3652198034418155,1.2373714340206477e-08
NYAP1,0.37796961049486033,1.27451014241441e-08
HEPHL1,0.3365488703419121,1.3026036329891712e-08
P2RX6,0.37362507192267835,1.3358700635264979e-08
MYT1,-0.38839565556874184,1.3492887610269895e-08
TRIM31,0.38581040869342675,1.3520329318612674e-08
SLC6A11,0.3519805096322487,1.3757532110741947e-08
SCGB3A1,0.36863586319555197,1.4643855700965006e-08
CTSE,0.3689589724671859,1.4710594373980547e-08
ELANE,0.3799970643731566,1.5081401060207347e-08
TPTE2,0.35453168067292906,1.5624656098735102e-08
PYDC1,0.38313126451820273,1.6661100284858925e-08
MGP,0.37348197429047914,1.6950729416661168e-08
ACP7,0.2574784023437273,1.698688909460896e-08
ESPNL,0.37923922335224713,1.756001965816047e-08
AK4,0.3937456607104648,1.819821619149058e-08
SERPINB13,0.284085802998867,1.8490627260564103e-08
U2AF1,0.3720764624338706,1.849929870596841e-08
COL9A3,0.2826961290181055,2.0103627656762295e-08
SLAMF9,0.3702496344817149,2.0191944031803118e-08
AC092835.1,0.3604224658219766,2.0389275729684807e-08
IGSF5,0.37607794194255,2.057243010146649e-08
MACROD2,0.3823107644875696,2.0944678413248042e-08
PTPN13,0.3746520501546129,2.1359684613115123e-08
RAPH1,0.35927357545612354,2.145480521853883e-08
CACNG8,0.37250102488843495,2.205342573453534e-08
PCDHA10,0.37754805019725657,2.2351824439672327e-08
ARID3C,0.3262804006545002,2.261516320693238e-08
SLC47A2,0.3600979386357249,2.4565242371046577e-08
TMPRSS12,0.28195326289339717,2.4825555312746094e-08
TEX52,0.3583885660204481,2.5462109455774388e-08
PITX1,0.398723243857538,2.5530675356569413e-08
GNG13,-0.3764385101791138,2.8358496273322925e-08
ZFP42,0.2233991023992991,2.8370834481549745e-08
SLC26A3,0.338389015916968,2.895445806661778e-08
TMPRSS6,-0.34054993232689934,2.9619690652141387e-08
CXADR,0.36175768770860156,2.9730704146234943e-08
HOXD13,0.2920904208999673,3.001771621310911e-08
RAB38,0.39398757472271206,3.0594827528148334e-08
KRT40,0.3622785855939551,3.0931991170308596e-08
CYP4F22,0.34948542591320153,3.112643066506907e-08
HOXC13,0.4099684956914247,3.1193611712324725e-08
IRS4,0.3287215040396938,3.271243889403603e-08
UNC5C,0.3578713933116749,3.312262338915832e-08
PHGDH,0.31358081718419556,3.381515775331844e-08
TENT5C,0.31210668343849,3.494087218225965e-08
HOXB8,0.3687863231297947,3.516233807374756e-08
PCDHA3,0.367521998722523,3.5345330645696494e-08
PRSS3,0.2716806311820017,3.550127996421935e-08
ANO3,0.38834634270289015,3.5584298025247e-08
CXCR1,0.37807071835476425,3.696567026291286e-08
SLC47A1,0.3676165644544669,3.738446883916483e-08
SLC44A5,0.3418293214081008,3.833131911677519e-08
MUC1,0.33263755609881135,3.877390659383127e-08
DAPL1,0.37633284674380163,3.8855554463870755e-08
RAB6C,0.2917799922550016,3.991740511101885e-08
ZFP57,0.3368207323776883,4.107536301442438e-08
TMEM200B,0.37467686662289623,4.146534522067918e-08
TM4SF19,0.3549669065510493,4.271293615107911e-08
RNF165,0.35688446135996216,4.351005421921103e-08
ACER2,0.3369342804904423,4.464826264327176e-08
ARPP21,0.3761169997679452,4.6574330420125586e-08
SLC9A2,0.3894821828941024,4.704273603289385e-08
RASD2,0.2801062646184663,4.8077556183281095e-08
SERPINB7,0.30207843504748255,4.817056186495771e-08
TAF7L,0.3311166894363965,4.893522891799922e-08
FAM177B,0.3795561096586093,4.922698477676513e-08
CRAT,0.3428194557328566,4.962611206205441e-08
DKKL1,0.38506163179290365,5.0141030702569687e-08
INSC,0.360721370468388,5.058976390729904e-08
MYH6,0.3426515385223383,5.2432068001856694e-08
ASCL2,0.37568008461195823,5.314368483653395e-08
SERPIND1,0.34598090691560446,5.330673090532147e-08
AC072022.2,0.3703113551896332,5.7371877057195115e-08
AC098850.3,0.365795583831791,5.7454634132324694e-08
FAIM2,0.36559947871821963,5.769142836068704e-08
FGF17,0.344009944204694,5.850656028030504e-08
MYO3B,0.3626426290872308,5.8787400851639375e-08
KCNQ5,0.36415886750477905,5.994119249478738e-08
SARDH,0.36719265282516034,6.042618101835104e-08
FOLR3,0.3268258636971273,6.05413528422288e-08
NBPF19,0.3492339636200976,6.092868916636881e-08
CD164L2,0.34872547380743313,6.188393900846886e-08
SP5,0.3644847781230951,6.191095626484913e-08
FGF13,0.34072389282114657,6.463599427576554e-08
CCL3L3,0.3641886940174023,6.757361495682377e-08
EVX1,0.3623021503290176,6.95290721825706e-08
JAKMIP1,0.3622761331075426,6.997734386658797e-08
HLA-G,0.3393726754882094,7.246226570091886e-08
STPG4,0.2620010197117315,7.345376801495402e-08
IRS2,0.3633390811538477,7.425452255937385e-08
ADAMTSL5,0.30803181101483273,7.520717816839759e-08
RHD,0.35024741846963997,7.54902745262638e-08
KIF25,0.3520205749193972,7.554164677555635e-08
C4BPB,0.36088105490682654,7.600363605391882e-08
EFHB,0.35779248269526603,7.672972113430534e-08
SLC12A2,0.34077755221314915,7.775363009103367e-08
TLCD3B,-0.338454184238451,7.780513709235456e-08
FATE1,0.3564500861713926,7.921406901544945e-08
ARHGAP36,0.372056710212869,8.053989881137613e-08
PLCH1,0.35097391965738434,8.419889764568609e-08
CAMKV,0.2166995476433938,8.429610512910103e-08
COL22A1,0.27458516580745,9.2531939491677e-08
KLKB1,0.35943673525432157,9.257629909249503e-08
NFASC,0.34138066312967796,9.260348869890243e-08
CCDC144A,0.35681187944963993,9.41771844845844e-08
CFAP69,0.3160857981247325,9.73873155259854e-08
FAM86B2,0.35389967029300995,1.020561967076317e-07
PCDHB2,0.33476950802174077,1.0414743118757141e-07
TPD52L1,0.3674122141529476,1.0640552817901026e-07
TM4SF1,0.3456514134617108,1.0720924329075475e-07
MAOA,0.34637373879934913,1.1004789594515771e-07
CST4,0.34723987300410564,1.127761282099916e-07
LRRIQ1,0.360895950416002,1.1539329701911286e-07
ABCC6,0.35028741029544164,1.1613186122180891e-07
OPRK1,0.2238112394932053,1.1934868538134806e-07
MAGEB17,0.348759998999338,1.197302238602327e-07
IRS1,0.31055811554365814,1.2166822924538254e-07
LHFPL1,0.3603918975364836,1.216945373150708e-07
RASGEF1A,0.33080017953215796,1.2282758556624573e-07
LRRTM4,0.30667478379502716,1.282187685159547e-07
TP53TG3D,0.3562945679771584,1.3072749633779198e-07
VWA2,0.3268377436264521,1.3481256205815437e-07
SLC18A1,0.3750413292477232,1.3733808217067845e-07
ESR1,-0.2212901252132105,1.3943929534036838e-07
MGAT4C,0.3422630155569326,1.4268370221994562e-07
CRB1,0.35749559981859647,1.4668270184851511e-07
TMEM213,0.3087156256601398,1.4813430382324036e-07
LINGO4,0.32745980596836344,1.5017800804701696e-07
ASIC4,0.3283092626199706,1.6124987447105163e-07
LRRC43,0.37668161581723497,1.6520027421540144e-07
TCTE1,0.352149134900956,1.6609225719631226e-07
CLPSL1,0.34396119012395043,1.7241076187982406e-07
CCNO,0.3562877310719555,1.738227514146785e-07
LIX1,0.29479862525398415,1.807805466796509e-07
PCDHA12,0.35515890524776783,1.8226225582901523e-07
BIRC7,0.33712841396040794,1.8666113494852506e-07
CYP4F8,0.33387985892612365,1.8804696986683947e-07
KCNH5,0.26178000975250365,1.927117876419946e-07
FAM3B,0.36172596326890527,1.9540805304147818e-07
SORCS3,0.3360290386628468,1.9761792465653125e-07
C1QL4,0.24879211137191176,2.090913652216518e-07
ZNF492,0.32517715247915213,2.1051483823264916e-07
ZFR2,0.34697921961417305,2.110563815469022e-07
KITLG,0.3059169605998677,2.125130649339546e-07
SMTNL1,0.3375777013782634,2.1274128712859847e-07
IL24,0.35477731945265667,2.1276801606326563e-07
TEKT3,0.32845075964824494,2.129662599831198e-07
ARMT1,-0.30962244552179136,2.136136067440218e-07
ENKUR,0.3528389382436039,2.1573765085792682e-07
KLK12,0.35300039998056176,2.2651415357874718e-07
NAT16,-0.34701772446955925,2.341108780798745e-07
TCP11,0.28848383458705573,2.3469584312702115e-07
MYLK3,0.3370482935551712,2.3974223665066187e-07
HPR,0.33153525006876805,2.4681913130544046e-07
GCNT3,0.3083759907849423,2.470178515243664e-07
TSPAN12,0.34901673534894284,2.470830137364849e-07
HOXB3,0.33570459485924337,2.495045607969317e-07
SULT1E1,0.3072157146737702,2.510624319927151e-07
FOLH1,0.30501628378302253,2.511161766904953e-07
ATP6V0D2,0.34513830435029424,2.6701089184726256e-07
DUSP4,0.3195738450943761,2.739467626957762e-07
ZNF229,0.34710004814078116,2.782256555202063e-07
C4orf50,0.3571432653203883,2.794118207759211e-07
MMP10,0.3308716392446972,2.8415225023529074e-07
ANKLE1,0.27237105434207926,2.879866825140576e-07
SCGB1D2,0.3231165251542349,2.909732814227227e-07
ADORA2A,0.3483746932591222,3.0826327017038776e-07
ADAM21,0.3383890813131153,3.1462000829146755e-07
CAMK2N1,0.2851844671009943,3.198908631029813e-07
RAB27B,0.2509769471367572,3.226951533560128e-07
GALNT4,0.339580520324138,3.2646171072418017e-07
TRIM55,0.3182296401425865,3.293887267369194e-07
GABRB2,0.32582234558705425,3.309705414214121e-07
PALM,0.24852940273503107,3.4354582071172505e-07
CDH10,0.3504313321473319,3.451840061169069e-07
SCRT1,-0.3655687792785646,3.489081728337199e-07
MATN4,0.2366695533828324,3.557436629658049e-07
ZNF311,0.2984132581722365,3.5979326178580585e-07
ARL14,0.2789030310343071,3.6126787037472214e-07
ESRRG,0.3333520730013759,3.6228242879085053e-07
PTPRU,0.32381531794061474,3.70167284730285e-07
SOST,0.31951823681856284,3.727970739176029e-07
GPR37,0.3337045694940948,3.747951965588309e-07
RBM20,0.3429693212399744,3.8772064896476375e-07
RND1,0.23411861479230467,3.8831456480915453e-07
SPESP1,0.33728544305752267,4.1317816705215517e-07
TDRD1,0.3280268902413942,4.223887665592962e-07
ACTN2,0.33744807012356187,4.2406287344466783e-07
CA2,0.35529829798144374,4.2512731407661444e-07
NGEF,0.32428199289940096,4.2642565688086837e-07
SLC4A8,0.2763633824046582,4.5802706909729056e-07
HHATL,0.32742141767757327,4.727443658439046e-07
NRG3,0.31245644452779137,4.7282848020260686e-07
USP2,0.3403457774938042,4.822994656746284e-07
RSPO2,0.27579407456763766,4.857948069778527e-07
ELOVL3,0.327039277546031,4.910265387424324e-07
FUT6,0.3493729127449906,4.963541769130696e-07
SCGB3A2,0.2758297987059944,5.01224121221889e-07
TRIM58,0.2982837415923114,5.145663381480157e-07
TMEM178B,0.3348792156894165,5.241499356597567e-07
FAM237B,0.31312829559040306,5.433227013886368e-07
NOSTRIN,0.265678630635806,5.492885008128645e-07
ANKRD1,0.2870330202276318,5.516289499090083e-07
SRD5A2,0.30723899056219106,5.554312085152952e-07
RNF133,0.3266010092519812,5.660167469286654e-07
RNF222,0.2392174751899824,5.941174620676986e-07
KLHDC7A,0.2848424523915954,6.036455652091638e-07
NKX3-1,0.3402057499848631,6.107219977085194e-07
C14orf39,0.3230600231149062,6.120184672697572e-07
CNKSR3,0.3374719536449409,6.216224782233747e-07
SEC14L4,0.2355972420252548,6.234065244736394e-07
ERVW-1,0.31679280719807246,6.240878798457997e-07
SLC30A10,0.24390994209513878,6.266024248342446e-07
ARHGAP5,0.3340915118052106,6.369106694255819e-07
MCF2,0.31624798197866594,6.402079954929676e-07
FCGR3B,0.3291790804613029,6.460083987010159e-07
NUPR2,0.34245417158606006,6.655849472474563e-07
GOLGA8B,0.34096777152620233,6.688766156524621e-07
KCNJ3,-0.3191775098949819,6.747665353495337e-07
MYPN,0.3118674014393323,6.840079202626288e-07
DCLK1,0.32947902317103045,6.850062381394828e-07
ELOVL7,0.3316515717138845,7.132229154592893e-07
PCDH10,0.34406615210075736,7.230132307192373e-07
MRGPRE,0.3227072801714522,7.261852029958541e-07
CRACD,0.3296131875766922,7.592213535036928e-07
NEURL1,-0.306733873173132,7.828223026105957e-07
CFAP300,0.3503240242131878,8.078950147766025e-07
INPP4B,0.241427885610934,8.171992412191728e-07
RXFP1,0.31551091878222653,8.182495626658199e-07
SIDT1,0.20577851132107922,8.183397346115494e-07
SOHLH2,0.30966389277892203,8.193648455105458e-07
NANOS1,0.3099815704126925,8.207856891231963e-07
FCGBP,0.3252988066423619,8.368980137745894e-07
SNCG,0.32085973599589,8.383413593711396e-07
PHYHD1,0.30021885673827187,8.608492550219281e-07
RTBDN,-0.3530844910102634,8.618654722464186e-07
CYP4X1,0.29912452034840575,8.702132087552293e-07
SLC2A14,0.2958350156604786,8.712531118649296e-07
HOXC4,0.3331398306693662,8.731960133171521e-07
ZNF737,0.2888508056647835,8.910232021677754e-07
ZAN,0.32861853954965387,8.974898180300131e-07
SOWAHB,0.30147794361487945,9.165547338122383e-07
NKAIN1,-0.29569868131704835,9.592776499308644e-07
BATF2,0.2997052053672047,9.667958813830427e-07
ANKRD30A,0.2726202315542492,9.875112908547697e-07
SHOC1,0.3056492498949497,1.0383709508850255e-06
IVL,0.2801594315380849,1.0450016802262778e-06
WNT3,-0.342331742270363,1.0471650125914154e-06
LARGE2,0.29654102617721995,1.0573860717884814e-06
HMX1,0.32491399787711955,1.079260249179131e-06
HTR1D,0.3149722375362342,1.0831347174051995e-06
CLIC6,0.3391639587259549,1.0836141733603885e-06
CYP24A1,0.32015888202421383,1.091875555785381e-06
METTL7B,0.3087113374442607,1.1207334169835745e-06
GABRB3,0.32496780081656046,1.1358646171510716e-06
ENO2,-0.33395980211092163,1.1421830965469526e-06
IFITM1,0.32106856074300294,1.1481353383199164e-06
LY6E,0.3104653659813683,1.158913205525286e-06
CRIP3,0.32770021338804833,1.167277745608346e-06
SMIM32,-0.3427473321332044,1.1871774396465875e-06
ESPN,0.3154698894248368,1.2318999383685053e-06
GABRQ,0.30119176926279395,1.2352359204099757e-06
NTN5,0.3242836900906011,1.2410411883505562e-06
HGD,0.3020961573764539,1.2520074428045466e-06
FOXL2NB,0.2853010513336067,1.2551788355271982e-06
MYRF,0.3030970095049564,1.3096722620576765e-06
MT1E,0.3158522070063024,1.311781765468854e-06
KCNMA1,0.2973244581158847,1.3966514611642495e-06
AQP9,0.3108193045855783,1.442104819465111e-06
PPP1R3C,0.2861175217453713,1.4974586673133392e-06
COCH,0.2983173100833396,1.5394371518643349e-06
GCOM1,0.33006135437356593,1.5616757778615798e-06
ROS1,0.257412743824817,1.579781828145738e-06
KCNJ13,0.31145372736590005,1.596127664171875e-06
MYH15,0.31138347217361134,1.6085660178449018e-06
ULBP1,0.28745863629632606,1.6086021055426623e-06
SLC6A17,0.2758837236066407,1.6261934448601072e-06
SCIN,0.3341533328689189,1.6331620612312578e-06
CPLX2,-0.3597945261243952,1.6365629355977391e-06
ALB,0.33571615436539076,1.6648124963964203e-06
KRT75,0.2843128298978929,1.6936018327183723e-06
CDCA7L,0.32700429869262815,1.6987119503300679e-06
MTUS2,0.32986390412887645,1.7150823567170035e-06
ADAM29,0.33534396191676263,1.7362672769155531e-06
CSTL1,-0.33439870778760755,1.7401840403506367e-06
FER1L6,0.3265441238651694,1.7561162890005837e-06
CARD18,0.2246898553842826,1.7821099415171553e-06
SEC14L2,0.32278586631154466,1.8495314250800544e-06
IL19,0.33643217362985633,1.8804862693907127e-06
CGA,-0.3327167796961056,1.892973642297366e-06
GSG1,-0.3127654450951042,1.924386177417956e-06
FGD3,0.3025422351476309,1.959151132758359e-06
ST6GALNAC5,0.3254940388776624,1.962991555264657e-06
IGFBPL1,0.3102081712924782,1.9841429901575537e-06
DNASE2B,0.3195326024036895,1.9962303694556385e-06
RASGRP1,0.3335422487162292,2.0029914435343415e-06
CCDC158,0.31400763895905576,2.003026834838716e-06
TEX19,-0.33802144117639854,2.0043116394460505e-06
DIO1,-0.30280072198242686,2.006853424479685e-06
TTC34,0.3062862587591836,2.017061381763381e-06
DAB1,0.3205308941707477,2.0450833812153173e-06
STYXL2,0.2998301928880406,2.0534773303807642e-06
ANO2,0.31523444004506307,2.1003055905954783e-06
ZP4,0.19968641759598915,2.191324454325812e-06
MKX,0.33190350283667175,2.2643529754903593e-06
CDKN2A,0.20978862259153572,2.26915116311482e-06
MGAM,0.3353345319790917,2.2855053162092898e-06
SMKR1,-0.3074229405953038,2.3024534243233747e-06
HOXB6,0.3165973096433455,2.3116481915324416e-06
TRIM71,0.2735985380663211,2.351446589863127e-06
FBXO27,0.30909217707319586,2.3534994179920766e-06
UGT2B11,0.3159049816263129,2.4047718241443637e-06
PCDHA7,0.31277503554752173,2.4215258611410794e-06
HAVCR1,0.3255792462334943,2.474281816465833e-06
CBLN2,0.3339814414370008,2.5353605782399228e-06
PEBP4,0.31870063989394803,2.6815550088350603e-06
TUBA4A,0.29722040165777086,2.6872988733858215e-06
SERPINB10,0.26899285379836885,2.711613201987135e-06
MMP17,0.2762616864872923,2.7419480376349863e-06
SCGB2A1,0.30277117287873734,2.7849516261531237e-06
ZNF556,0.29853847476916007,2.7946892773748337e-06
UPK1A,0.322717314121268,2.837838383198986e-06
KLF17,0.31921486338043575,2.8485120262866717e-06
BTBD16,0.30957616059733306,2.930825518393916e-06
HOXB9,0.2954957602007547,2.9565944635912545e-06
PCP2,-0.2743327087481331,2.984997920723636e-06
NLRP12,0.2993377273551956,3.0223771181769798e-06
SKAP1,0.30797984761382724,3.1230109560784195e-06
CCDC169,0.31114064740453784,3.1460705715971916e-06
TENT5D,0.28161833327907104,3.1709722027765886e-06
CDKL2,0.31513614127820644,3.3880995284739062e-06
PRKAR2B,0.31322030232656667,3.3898978398724827e-06
CABCOCO1,0.31487723350460894,3.4069036880448468e-06
S100A7A,0.2888586689688172,3.5471798746566692e-06
ZNF214,0.28158550660811243,3.5643511636151074e-06
PCDHA11,0.3132143009204539,3.663010478033017e-06
MAEL,0.2610712612436351,3.790115708493155e-06
SEC14L5,0.32551866019005976,3.8597976887760134e-06
HS6ST3,0.29036991283338487,3.90318669068453e-06
CFAP73,0.31042345134751187,3.954409083415232e-06
GPR173,0.3142029373794484,3.998641608474537e-06
PTCHD4,0.2992835233689658,4.00009079273623e-06
NTSR1,0.27552568076688005,4.010148318992885e-06
ACTL6B,-0.3382207859559412,4.027527888547009e-06
OR2A7,0.2976945104663913,4.0324155009570376e-06
MMP9,0.30312550503105773,4.0427269951261444e-06
RTL9,0.299538548346378,4.0531684248297935e-06
MMP13,0.30478077663743197,4.132975142481676e-06
LRG1,0.26880902230229986,4.133163710684583e-06
CCL25,0.2743592505061548,4.291246729203884e-06
SYN3,0.27500249023414436,4.307385194184156e-06
TEKT1,0.3179345064185518,4.356254265077355e-06
ICOSLG,0.29917553941201347,4.396882009845816e-06
FOXI1,0.31122854802420585,4.447704071518193e-06
PGBD5,0.2367731659702262,4.453768087375615e-06
PSG5,0.29943460931587923,4.494420675667928e-06
KIRREL3,0.27659182165880136,4.63661930492359e-06
MMP11,0.2863479354933361,4.668886905856822e-06
GPX2,0.30142080777030666,4.740720056271694e-06
SAMD13,0.32844807883796145,4.791029900681931e-06
TMEM82,-0.331115523435781,4.939705082281253e-06
DPY19L2,0.3189649971205024,5.0038422451544074e-06
ABCA12,0.29428773942242936,5.0088162004957384e-06
RSPH4A,0.3074425409573084,5.034737356161257e-06
CALB1,0.2994676046577506,5.288921713719919e-06
FAM169A,0.316375993202042,5.341100041203238e-06
FGB,0.3122212938139717,5.5139358855625894e-06
MDGA2,0.23843579130124573,5.650898466444788e-06
LAMA3,0.30492439906988233,5.708087135335582e-06
PRTG,0.28587456423184243,5.761233366150495e-06
MSX2,0.2220489604171749,5.765658944846359e-06
PYCARD,0.295203316702188,5.84990238782329e-06
ART1,0.2994423200530233,5.960427126331212e-06
LGALS4,0.3104426287765686,6.0954084166200605e-06
NR4A2,0.2959756315781663,6.373829240681638e-06
NPBWR1,0.27365095498932557,6.403244755840836e-06
CPO,0.2744590049642739,6.444996129784225e-06
F7,0.2366311554607536,6.5307756355743375e-06
LHX5,0.19988220800167625,6.5855460099250195e-06
FP565260.1,0.2951825262860478,6.672802922358956e-06
ZNF541,0.2976221104244002,6.940284657469036e-06
NPY,0.25636060356742374,6.9655416258225666e-06
FAM163B,0.2665252311242799,7.118305986809751e-06
H2BC13,-0.2871752817850235,7.164196381129841e-06
CA10,0.27779485433147166,7.2231779096381275e-06
PCDHGA8,0.30477074539156923,7.2318735567921185e-06
DNAH3,0.30189197994508093,7.259759355064621e-06
PTPN20,0.3027347491101677,7.266676566137788e-06
UBE2C,-0.28469502447408207,7.4896610985579675e-06
SLN,0.2937169335083074,8.05045482015925e-06
CARTPT,-0.3376537605141742,8.104496939548956e-06
AMTN,0.2266699063606737,8.11526887566925e-06
GRPR,0.26425761122691577,8.135564638731842e-06
FBXL7,0.25693835170663054,8.258883978067445e-06
DSP,0.32039711452022396,8.384581657454023e-06
MAPK8IP2,-0.2817012392160236,8.424860076171246e-06
KCNQ3,0.2809719951086661,8.447500114104803e-06
PAX6,0.2253674815182147,8.509218644698527e-06
IGFBP1,0.307757681509836,8.562620591054588e-06
RNF148,0.2888770494618803,8.587351086371373e-06
MB,-0.23266360240943781,8.658798036001011e-06
AKR7A3,-0.24774571404693432,8.763019878459219e-06
ZNF626,0.26304126019515833,8.943501031878582e-06
EN2,0.27697537643373177,9.125520420099667e-06
PGLYRP3,0.1737447520951825,9.343066837087153e-06
PNPLA3,0.2907955423246075,9.354506267024683e-06
ADRA2C,0.29143237443198927,9.520949759607844e-06
POU4F1,0.16954780525336977,9.672754173099542e-06
TXLNB,0.264774855946071,9.695772393558383e-06
AMN,0.24219944536709753,9.748439476145075e-06
RAET1E,0.2913329896610838,9.791944488271101e-06
PRSS21,0.282811520105868,9.913281154122734e-06
ZNF770,0.29859907101331035,1.0028779716228823e-05
SLC27A2,-0.27993949733521917,1.0136549078467356e-05
BCO1,0.27366895370492794,1.0379208755370337e-05
MLXIPL,0.28900021002558146,1.0489899149923464e-05
SLC1A2,-0.2678240654870462,1.0584491224912935e-05
GAL3ST1,0.28572839425478624,1.0900731417905438e-05
ANGPTL8,0.29474153872125963,1.0993563936801551e-05
KCTD4,0.2701417291525724,1.103740193031286e-05
AKAP5,0.2872643292039758,1.1256344097711181e-05
PCDHGA1,0.3051452292144327,1.162014503442973e-05
TTLL2,0.2558628815769685,1.2314313676265827e-05
OTOR,0.2811933148290174,1.2365982549784606e-05
FAM81B,0.279228244531509,1.2812688195057655e-05
REELD1,0.2955534360876745,1.2833277958682801e-05
ARMC3,0.27444371404975104,1.32478519117029e-05
KIF5A,0.3013969173452549,1.3299381294057982e-05
FGF19,0.28920570011301444,1.3301742178094972e-05
QRFPR,0.23788415466034432,1.3785448296799767e-05
AL117339.4,0.2818436841592859,1.3906060302609278e-05
NR1I2,0.2640115372703097,1.3944896281996999e-05
MCOLN3,0.2933243785323206,1.406106893556036e-05
MSLNL,-0.27828119486501024,1.4671795171934632e-05
B4GALNT1,0.26355105057399075,1.4751162812842086e-05
MX1,0.28515033221482844,1.6283732098047396e-05
KRT222,0.28058986216516907,1.6392163957920196e-05
BMERB1,0.25808590174975365,1.66049948633806e-05
DLX3,0.29914878120867133,1.711236138214355e-05
FCRLB,-0.3210664740595107,1.7229528298376587e-05
KCNK3,0.3011784710106121,1.7417668324175054e-05
MUC5B,0.2951284349715923,1.7697822912869117e-05
EPPK1,0.2696345822726007,1.783669743788119e-05
OR2T8,0.28659588412794007,1.8097940487095842e-05
BIRC5,-0.27147130909032,1.8316327046406187e-05
POPDC3,0.2410130854850908,1.9181493507045215e-05
PLA2G4B,0.28191671186535827,1.9195673603917137e-05
PCDHA6,0.2860368952994137,1.9702803062251618e-05
CYP2J2,0.28935995530155695,2.0178352192643832e-05
PCDH19,0.2787937422490276,2.0221854590902125e-05
C4orf19,0.29001057863852636,2.033021249456504e-05
SULT1C2,0.2897639967762952,2.0696094338467234e-05
LMO3,0.2800916768000523,2.088646968913238e-05
DDX25,0.2765476906430555,2.103644748038961e-05
KIAA0319,-0.29393005131461003,2.119380265143437e-05
CLEC5A,0.28678682096535824,2.1466055623762958e-05
CYP4A22,0.28076374330411774,2.1569854870484886e-05
ERN2,0.2520566972626155,2.1669696296226588e-05
TINCR,0.2803817924594342,2.19852731350366e-05
RBP1,0.28441485416282625,2.2023452643911596e-05
UGT2B28,0.28378828683785207,2.2197981260691748e-05
SPINK4,-0.2816292540240954,2.2526685373573644e-05
GFY,-0.2878821220487384,2.2758499218778134e-05
BTC,0.2785681350360548,2.3135959842040546e-05
NPIPB12,0.28678257609735613,2.3416918637783085e-05
WNT4,0.27632837949274647,2.3490423301770166e-05
BNIPL,0.25783752337140653,2.4272770593705685e-05
SPTBN5,0.28526879759086027,2.5086419629842057e-05
ZNF114,0.2690674331908129,2.5122684222862553e-05
PHGR1,-0.2786043706746729,2.5405608084616645e-05
LPO,0.19484146472554412,2.6542581260942994e-05
PBK,-0.2777946730654843,2.6720457551567145e-05
HOXB2,0.2661756475659477,2.7492246971003565e-05
MCEMP1,0.2614819145950436,2.832273811888076e-05
PARD6B,-0.265391781899756,2.8568914653440625e-05
FGA,0.2791354322071409,2.8673860621775e-05
BDNF,0.29034719801520004,2.9152141349093225e-05
IGSF21,0.27974102538035206,2.934630981702086e-05
NTN1,0.28272757136676413,2.9371917826268814e-05
LALBA,0.15900369128718503,2.9636231999775625e-05
CCDC173,0.23538581530146507,3.058762013445837e-05
LRRC71,0.284896308707079,3.083398994407042e-05
SKA1,-0.2584420252691568,3.101587639239256e-05
FAM241A,0.2254303218725265,3.152775295214841e-05
H2BC5,-0.27291816317461176,3.2000093715157425e-05
ELAVL2,0.24898169386339747,3.216634734176502e-05
RDM1,-0.2774632539255797,3.227429765696077e-05
OR7D2,0.2739852608408076,3.287573776269121e-05
DNAH10,0.28017727677669774,3.301646338079506e-05
CLEC18B,0.26448808685925657,3.3099649605591814e-05
ASCL1,-0.29944675048244945,3.3486639195017314e-05
PCP4,0.26054997505617783,3.3650634351680076e-05
CACNG5,0.2524024993511087,3.384877691024057e-05
ARL9,0.2196739341312903,3.387689162367031e-05
AR,0.14366546413759512,3.456031730133676e-05
TMEM139,0.2559673516062038,3.5090045904189756e-05
ACOD1,0.22883561693601898,3.5109744738063576e-05
ATP12A,0.254865972967576,3.514367854568908e-05
CCND1,-0.24620194373952298,3.5645220850257456e-05
DEFB132,0.24514325713276916,3.605082252450558e-05
ARL2BP,0.27258609545673423,3.623617154013096e-05
CROCC2,0.2832154913439672,3.637028377170578e-05
ZNF750,0.25638052048786075,3.677768420577358e-05
CEACAM7,0.24550834118133505,3.6804184086431213e-05
MGST1,0.28729287410025384,3.681122954310476e-05
LGSN,0.2393878063040217,3.695740455889439e-05
GBX2,0.24576457112167674,3.712401824089295e-05
FGG,0.2761781882120767,3.715568977110808e-05
FAM166C,0.2620682073992724,3.9294822102658634e-05
METTL27,-0.271867208985557,3.946619027042734e-05
BNIP5,0.28296906005116196,3.951588956320285e-05
C16orf92,-0.28173142333461426,4.0026172719428196e-05
WT1,0.29065956390487846,4.044841515174315e-05
FGFR2,0.2616743346708635,4.18118359258443e-05
GDF9,0.2730282409794227,4.201228090546619e-05
C1orf21,0.2587766157070414,4.223010353345185e-05
C16orf89,0.27285379535496757,4.284329883623715e-05
C2orf66,0.28118876607652304,4.3176038249043304e-05
HNF4G,0.2767167662809428,4.367404745874794e-05
USP37,0.2716883315412283,4.396097454327392e-05
MYOG,-0.29159489392923926,4.434359411068303e-05
MARCHF4,-0.28499593386036215,4.437252245249742e-05
BST2,0.2626413725450675,4.441185902089105e-05
FGFR4,0.29095103587592586,4.4814203239918115e-05
MT3,-0.26868076160446785,4.5020169784557e-05
CD24,0.2877549312998281,4.557904458020275e-05
TBX22,0.27039291891916645,4.612654262638542e-05
GRIK4,0.24902993511286575,4.6731382359275254e-05
AQP3,0.28435215627857857,4.7684861323138754e-05
PTP4A1,0.26357049542734945,4.788511534665416e-05
SSTR2,0.2856308385838768,4.796058806758114e-05
RASSF10,0.28132485266380536,4.800203107780449e-05
LRATD1,0.2635650613508933,4.8563112121160334e-05
ARC,0.27547339796899567,4.9985190242414016e-05
PTPRT,0.22797086678849188,5.044565973885834e-05
SHISA9,0.2634623855340053,5.045047729342031e-05
AP001931.1,0.25527788473592394,5.07077009671777e-05
MMP25,0.2848270337473296,5.1023155217057e-05
MCIDAS,0.2776898245935379,5.155132816416945e-05
WFDC6,0.273875189037303,5.1819700617919176e-05
NXF3,0.2659389148004464,5.322467117526519e-05
PCDHA4,0.26862845780042727,5.372087656041507e-05
GPC2,0.2407554453415947,5.413188335815846e-05
CCDC190,0.26797394094370486,5.5389716577283704e-05
KBTBD11,0.2547074916576957,5.562398391650971e-05
PSORS1C2,0.2016840961273093,5.6265932707791404e-05
TEX15,0.17406268136723177,5.6913498873554726e-05
GHRHR,0.19565022430408094,5.693782392403248e-05
ENTPD8,-0.22953879710604402,5.87755642989093e-05
PIMREG,-0.2373399222868749,5.951777732014786e-05
SSTR5,-0.29285725010604663,6.157834691958095e-05
LRRC26,0.2362227579141039,6.344603326198858e-05
NDP,0.2867463863619705,6.3817189046008e-05
UMODL1,0.2561527665638344,6.472993144728239e-05
NEIL3,-0.25961202179272175,6.748461824976188e-05
IGFBP5,0.269636981458971,6.798286212577261e-05
TMC3,0.2577163307298179,6.950027315907763e-05
TUBB3,0.2579345667753642,7.072699336704163e-05
MRPS30,-0.27210700821307976,7.183432069000762e-05
ZPLD1,0.2751518118328438,7.199895198471758e-05
CNTNAP4,0.22650000445808147,7.379664640059651e-05
KLHDC9,-0.2047348350483787,7.428169600200053e-05
KLRC2,0.26230402829198973,7.464597658958489e-05
ANXA10,0.26691878323912677,7.503861891842444e-05
SLC26A5,0.26086201672656023,7.522198948789845e-05
CST9L,-0.27850944877323686,7.583858318444971e-05
CHRD,0.24016522467419243,7.830482664668019e-05
VSIG10L2,0.23744877645034868,7.997213253733703e-05
CCDC194,0.2581413016519445,8.090708044891423e-05
TMEM249,-0.24015267119733213,8.215170778965167e-05
KIF18B,-0.24666914426511516,8.293079856277102e-05
SLC22A24,-0.2799189600748972,8.302114608467393e-05
DMKN,0.2380668705451179,8.318350712164599e-05
CYP2E1,0.2571547809923709,8.531567120544044e-05
IGSF1,0.2744885388104905,8.677496602239315e-05
LINC00634,-0.23404427067523542,8.684602185176637e-05
HOXB1,0.26033697880342843,8.77335036398433e-05
H2AC14,-0.2428870965181895,8.866396404808805e-05
DMTN,0.2669657013382428,8.99902168674423e-05
TTC23L,0.24086782678968774,9.078468460801269e-05
TM4SF4,0.228476383031635,9.111800993366553e-05
TCERG1L,0.2646309423754789,9.174072946463537e-05
HOXD12,0.22817070356455896,9.351270441513237e-05
NEK5,0.20601645988395328,9.74846616227236e-05
H1-2,-0.26288398511208394,9.752801344085764e-05
NXPH1,0.26555151350847234,9.825519472020068e-05
TDRD5,0.2533614410649851,9.957423657331853e-05
RFX4,0.1791517766500077,0.00010110099866679911
RLBP1,0.11976687070418801,0.00010126319700693724
CBFA2T3,0.25558652171429275,0.00010168833865523164
DLX2,0.2660763839098498,0.00010289597976731499
KRTAP5-9,0.2638096473774295,0.00010387449948231285
PSORS1C1,0.2565597220804183,0.00010597636196912597
GLB1L2,0.2740557339503352,0.00010600041269932675
SCO2,0.244784550898957,0.00010671539358268429
DOK7,-0.22743851422045971,0.00010785448638884844
CNDP1,0.24769893371966223,0.00011001174179197625
GJA1,0.26840000113556234,0.00011180058420490709
ZNF257,0.24393114657594356,0.0001121061745839119
LURAP1L,0.2473406506053647,0.00011606355262666981
GASK1B,0.21993905239972936,0.00011641029912773832
CHRNA1,0.2509298859218206,0.00011653775188010193
CRACR2B,0.2375641916448616,0.00011749817590100534
WNT7B,0.2538189919182058,0.00011788438364619455
CSN2,0.19761899432811342,0.00011837826611440884
GATA3,-0.13972344263565845,0.0001212460271474895
RTP3,0.14968732951104588,0.00012200739613352554
ERVMER34-1,0.24299682121286403,0.00012204061744797348
TROAP,-0.2540085045593573,0.0001227084540005627
LIPF,0.23374256167008342,0.00012380883877036508
RAB26,-0.21190204675626154,0.0001276330072157073
FOXD1,0.2298132247897246,0.0001280890756768536
GALNT6,0.22677024935296267,0.00013048362292167537
ROPN1L,0.23454570492415633,0.00013055348253797653
ANKRD34B,0.24486407593887075,0.00013102728946573692
PPM1J,-0.24601008247388514,0.00013114949134672074
MESP2,0.2554010280388515,0.00013197800234015684
GNAO1,0.2704826425222477,0.0001319823632930186
CYP2B6,-0.26279420083290556,0.00013350675587626236
PCDHA2,0.25990442455236684,0.0001359362471338582
CRYBA2,-0.25187562567593547,0.00013743719911712892
KRT80,0.2505382749043994,0.00014076515862297863
CDC45,-0.23935304472197638,0.00014190917062128656
HPX,0.21403873016431355,0.000142167172596127
CAPN14,0.2512103261891726,0.00014269434820594692
RNF128,0.2545887062337151,0.00014304298396526825
C10orf67,0.25833350933543087,0.00014402413660623555
HOXB5,0.2559384745554712,0.00014436038662769512
ACSM6,0.2589301182859366,0.00014505194035102536
UPK2,0.23145867027027361,0.00014555429529113244
CPLX1,-0.20275559144510188,0.00014815766985190956
VWA3A,-0.2562198758785583,0.00014931306334246516
EGR4,0.2506018692358785,0.0001496308935051809
CASQ1,0.25691432748594645,0.00015302645222429114
LGI1,0.2661138020861311,0.00015323747036488766
KCTD19,0.25111692050999196,0.00015424861873498627
NRIP1,0.23600890739605285,0.00015526746604178923
PRSS23,0.24957823644589727,0.00015534017682283934
SLC25A21,0.23050348073823806,0.00015770045184490973
C1orf127,0.25952833655018154,0.00015963538758789465
H2BC6,-0.255246722428703,0.0001598120735972096
PSAPL1,0.12910743054872964,0.00016077415928796466
RANBP3L,0.2349278971453132,0.0001613194146462412
NDST3,0.24117493570723203,0.00016139191780641278
CFAP221,0.2591575556390496,0.00016711907329390051
NOMO3,0.25093262901661095,0.00017112655016917144
RALGPS2,0.1818583710426713,0.00017158208276584337
CASKIN1,-0.242125201116991,0.000173343493251916
PLA2G3,0.2605275856658359,0.00017531178504221097
LGALS9C,0.2593616544138954,0.00017837124864843602
MPP7,0.20636755724678105,0.00017934403923711208
ALDOB,0.25178738196712286,0.00018124770619886116
MEI4,0.25416415734171005,0.00018309438985871253
PKIB,-0.22897356299163177,0.00018349387842375568
FAM234B,-0.22529176954559635,0.0001840604116350567
GJA3,0.24209406237069347,0.00018455435338363485
RNF17,0.23560922774420995,0.00018469704025457983
VSTM1,0.2481642138454373,0.00018939532281908665
EPOP,0.24649831416746618,0.00019085380760228227
COLEC10,0.24172265921090724,0.0001925141022214208
UCP1,0.2678487518225767,0.0001976470983297947
REEP6,0.16710858994527644,0.00019788464203238755
ATP2A3,0.2409807652119479,0.00020234322054752925
PXMP4,0.2334057616272662,0.0002037807652978282
NTSR2,-0.22518316848070974,0.00020511195358798934
EPYC,0.2542731187892517,0.0002062105035025177
NHLH2,0.2539287537556015,0.00020847509427076918
SPANXB1,-0.2645708946597941,0.00021085565944315186
OTOGL,0.2500884459716848,0.00021196271346275846
SALL3,0.2338058611035666,0.0002167816877650582
SLC5A8,0.25485169993811374,0.00021885649540773634
IMPG1,0.24275623533764065,0.00022141639094916938
SPTSSB,0.23496303395250268,0.00022152297842887293
PLAT,0.23518222176289688,0.0002223649307197482
LCN12,-0.2474138081906567,0.0002275116402843019
ZP1,0.23921913080166196,0.00022890068779138923
NLRP13,0.26083907915733995,0.00022971399450833
STARD10,-0.2035859957791692,0.00023084291935597574
PON1,0.25393325140219564,0.00023188282896983295
KIF1A,0.22246414399804698,0.00023368486945777824
PAX8,0.24306828472832298,0.0002340691080727537
CHN2,0.24320817998740119,0.00023466852513424143
KRTCAP3,-0.23178526429817164,0.00023914505490365328
MEX3A,0.22027128733712603,0.0002414380985885078
TTLL9,0.2365471207119536,0.00024389810654286293
NRTN,0.19539836279683181,0.000245775211353616
SNCB,0.24487664390059558,0.0002473435264361788
COL11A1,0.24954167800863242,0.0002485394420182577
NYAP2,0.24811166683168373,0.00024918439891283197
GATA2,0.22081146046668615,0.0002529632662449468
CYP2A13,-0.2591016724130458,0.0002542726973617761
LIPI,0.23854753362684933,0.00025757209058053176
GGT2,0.23104130229769052,0.00025813146377713273
PNLIPRP3,0.22004709092349142,0.00025816570000474826
NLRP6,0.25216129399029386,0.00025946284118047626
MUC19,0.2411425334456243,0.000260337441397275
SECTM1,0.2324580011824235,0.0002605448184691044
SERPINB4,0.145783142905089,0.00026359865285291125
REG4,0.24740346400859864,0.0002644745875887026
CFAP46,0.22705993194255666,0.0002654045730637937
ZNF486,0.23302189758115985,0.00026542341724934763
GABRA5,0.15936519539904365,0.00026872099100917865
SHC2,0.21817996289634675,0.0002776529270659847
NUDT8,0.24465563784543543,0.0002783801588186687
CELF3,-0.25818169500315646,0.00028380917026207407
EGF,0.22973968049160606,0.0002854461734770022
MGAT5B,0.24572979329679268,0.00028887811956694457
OASL,0.23290544285182888,0.00028893278898529126
PIP,0.21891138898861298,0.00029349159318103576
SAGE1,0.21564500417417864,0.0002976670627608106
NAT2,0.2354865259258085,0.00031282582544502426
PRSS33,0.09030392378349006,0.0003135658994223432
NRXN3,0.2363517891823324,0.00031514765265217145
AKR1B10,0.22775758444744099,0.0003278744927630919
AURKB,-0.2137977830134128,0.0003288178756623655
LRFN2,-0.17490018447321062,0.00033029771074434306
TRH,-0.24470106457280205,0.0003365503556579618
OSBPL6,0.22724156789585126,0.00034059820219752495
LIN7A,0.23413013645984831,0.000346957668952779
DNAH7,0.19312816204631597,0.00034724185523077474
C15orf48,0.24333434286548664,0.0003493769970633896
PI15,0.2500660536471971,0.00035697120408736553
METTL11B,0.23574400167299733,0.00036069433663143936
RUNDC3A,-0.2678232314639634,0.0003628957023600667
C4orf54,0.1755713837719057,0.0003666088116751054
NOS1AP,0.23338414380145547,0.0003690639257283073
KCNJ6,0.24053686702953517,0.00036957021623063024
UBXN10,0.18218275940567616,0.0003710523159826548
FOXG1,0.12177609006655088,0.00037151542836070714
UNC5A,0.22986979036557526,0.0003727588408545165
GAMT,-0.17441670630045522,0.0003764046145996112
SIM2,0.23463621974273172,0.0003801387153877409
KRT31,-0.24284827025931324,0.00039188570571097156
CLEC18A,0.21326116463987788,0.0003945796834082808
FGF10,0.2328942866055021,0.0003970806018934294
DACH2,0.23325349411827356,0.0004012488194755041
TRIM72,0.24982657180439405,0.00040236036491927377
HSH2D,-0.2211562887676994,0.0004076731407097366
RIPPLY3,-0.23577770462911082,0.0004122454636178051
NR6A1,0.251260813597161,0.0004136355344731468
CHRNA5,0.2145521791556993,0.00041689257333538105
DNAJC12,-0.18636437791484364,0.0004172118326428824
AC005041.1,0.22774525916498525,0.00042518367032337584
ACAN,0.19666411296443245,0.00043536901562315984
GDA,0.2045746353409703,0.00043585749753987215
FREM2,0.24025821711643675,0.00043777944686495185
GRIN3B,0.23454890972178255,0.00045544025752724783
NXPH4,0.21940040798114255,0.00046591392685062206
VWA3B,0.24113056667721458,0.00047105289984842485
NSUN7,0.24512137228404152,0.0004752485727804004
COBL,0.22710705011126694,0.0004803269667540265
PSG4,0.22707046533075864,0.00048306400825378357
REN,0.2261849995316284,0.00048346715333589456
PRTN3,-0.23626469765678532,0.0004862085038125724
MUC20,0.22851601888778364,0.0004871538761944523
S100A1,0.19680652428636286,0.0004886783027938487
ORC6,-0.2160935863859295,0.0004934485398027809
GPR62,0.24245840835826504,0.0004951080927576683
SLC1A6,0.17782131673918136,0.0004953448653257359
HEPACAM2,0.22325231310496454,0.000495541473775632
MUC6,0.2430888993905251,0.0004998890312646609
PPP1R9A,0.23540138180736875,0.0005004050687272011
IRX2,0.23794336352880766,0.0005027916280530704
ERFL,0.24448178849561436,0.0005036569938525608
RGS11,-0.19699850319129222,0.0005067775520301274
DLX4,0.24194911553925375,0.0005087915142437562
ELAVL3,-0.23411873787698906,0.000509962000775729
DCDC2,0.2357025839918055,0.0005103750544362305
ZNF560,0.1746890370797785,0.0005170530397722915
NXF5,0.22767878720672674,0.0005236442831031276
SPTBN4,-0.20210043977915446,0.0005251842462337384
FAM184A,0.22900114646244477,0.0005504371828884307
H4C11,-0.22795606248721487,0.0005637565820906595
AC244197.3,0.22420723147058508,0.0005658999952663717
LMNTD1,0.23579371244264508,0.0005714611054246613
AHRR,0.234951458886303,0.000587372432216556
ERICH3,0.22946660961323725,0.0005884328506949347
SYT12,0.22346838990363024,0.0005907939854517649
C6orf118,0.22652547978989945,0.0005948324530673998
WNK2,0.21472001273159197,0.0006061018189394585
MESP1,0.23782898786885667,0.0006086895080152821
SPATA3,0.1786949226815557,0.000615983837016102
CGREF1,0.23512794922750285,0.0006201032112705492
WNK3,0.21328720479715665,0.0006223964681307551
MUC2,-0.24931750917745343,0.000625097246434749
RANBP17,0.24034816637058046,0.0006297006188930522
FRMPD3,0.22874065566521304,0.0006370714798604105
FUT2,0.21973487990507398,0.0006372490826388749
SGO1,-0.21826755430847292,0.0006431511645098349
ZBTB8B,0.1878247274101827,0.0006462650740873286
TTC16,0.21276660616249257,0.0006466858340826708
USH1C,0.20613608032124822,0.000647588696537124
NPY5R,0.23477685574059493,0.0006543133578320219
TTC29,0.23177024173846167,0.0006545217111488598
TAGLN3,0.18270789656070993,0.0006588588732040897
BEX2,0.2357099563056126,0.0006613671920372679
TMEM45B,0.20013769061593834,0.0006627024867755874
H4C14,-0.23369770158090103,0.0006629820358183178
PNMT,0.23608902255716324,0.0006709599232025094
TMEM72,0.18407318332511435,0.0006760398779797321
SERP2,0.2209553224431649,0.000680420824812524
JPH3,0.2189538564399114,0.0006937562257902728
SYCP3,0.23202415934635276,0.0006992067611743426
TAS2R3,0.22544569705515904,0.0007079422950590009
ALDH8A1,0.2256096290661911,0.0007199257344082086
SLC49A3,0.20852324082547086,0.0007207369151619995
C7orf57,0.23690436925150404,0.0007333002677059
TAFA5,0.22436136935200812,0.0007337392974683285
H4C2,-0.20627401495813283,0.0007474376836129785
TMEM63C,0.1570817812929475,0.0007537780056051913
CDC6,-0.229389804493779,0.0007696517570678607
MYH7,0.20699643944098958,0.000783447131780785
ANGPTL3,0.2146629960693406,0.0007913815346226936
ADGB,0.2281610946299711,0.0008021306154645767
STAR,0.21725691323011237,0.0008021458898201625
CAMK2N2,-0.23534667734095122,0.0008036512454973051
NUTM2A,0.2171786550280146,0.0008107765282490895
PLCD4,-0.19059956965965463,0.0008130322704062371
CITED1,0.23012672596650904,0.0008227610554715197
P2RX2,0.22392422373238718,0.0008285760399480144
MUC13,0.2175654517392562,0.0008353750665000045
DMRTA2,0.14544242942303806,0.0008413795910735618
KISS1R,-0.2247768128619349,0.0008462040559253772
STON2,0.19484190223764522,0.000848591124634022
CLUL1,0.2197287133148448,0.000858147374492912
SHISA8,0.21366251791065052,0.0008605096252102027
C1orf226,0.21675183141634546,0.0008679771135390092
HSD3B1,0.2267834765552115,0.0008836306625775349
ABCC11,0.17834075643923095,0.0008901334516555197
TRIM43,0.0994857201249672,0.0008911129713976737
POU6F2,0.2017446301159136,0.0008942818349379696
ARTN,-0.21787877240677436,0.0009032550642907466
HCN4,0.21830499136488812,0.0009082944574895353
DNASE1L2,-0.20712907759428154,0.0009269617906438608
TMPRSS11E,0.21822392802578278,0.0009275359573922867
QPRT,0.22381227494761283,0.0009338389336710651
MAGEA3,-0.19328271812304762,0.0009667590222647686
GLYATL1,0.21786408671325752,0.0009679711716835366
FAM167A,0.22387676911197918,0.0009927188642243298
RERG,-0.1690522029317722,0.0009947720450931632
PIEZO2,0.21784022255326035,0.0010181277331789327
ZYG11A,0.21447509652138697,0.0010189349329507782
PCDHA13,0.2314539724237284,0.0010279882845901258
ELAPOR2,0.19358500457776676,0.001031890393630913
H3C12,-0.21919097013924876,0.0010400639381358075
XK,0.21825328423252363,0.001057160373083696
NCAN,0.12266243411387992,0.0010721024220631597
TPX2,-0.20339711549069228,0.0010883794078744285
INSYN1,0.2032951103069678,0.0010885813361146079
STK32B,0.19451319294150515,0.0010969802931541347
UPP2,0.21324907314334246,0.001114573450189768
SALL2,0.1848740542710438,0.0011223484677977701
POU4F3,0.22632023284540978,0.0011224741894552354
SMIM22,-0.16455838853603472,0.001144783689019486
GHRH,0.2255428671581015,0.001152858605214344
WFDC13,-0.22832458278373113,0.0011640375191491734
CNGA3,0.21537169623825714,0.001166164137783003
FP565260.3,0.21245696221698468,0.0011686723623570842
HAO1,0.10166659331949551,0.0011848444219357155
ABCG8,0.21282164192089778,0.0012184866840397569
DUXB,-0.22954678451274427,0.0012232197699544435
TMEM150C,0.22775532054808922,0.0012259852413115686
CYP4F11,0.1887706294713416,0.0012333365643027066
SDR16C5,0.19564804399438093,0.0012480216449479206
CST9,-0.20730961806685655,0.0012816195519099397
CLU,0.19073299565353818,0.001294170019215149
PRR27,0.08695985702623057,0.0013063818486797518
H2BC7,-0.22000006625341506,0.001311650370764027
ACSS3,0.2012347999317949,0.0013170971565052453
RTL1,0.1946606790872367,0.0013310505949145248
TPH1,0.230990295067081,0.0013349757509686308
C9orf152,0.14118615000205098,0.0013367723405273437
KRTAP3-1,0.21464173723238258,0.0013416313946763563
CNGA2,0.21726012338196687,0.0013483319078075834
IGLON5,0.19935931653362843,0.0013573851327237183
PCDHB1,0.21811934843533837,0.0013600791983914263
PRLR,0.17063782862552043,0.0013914917892244875
FZD6,0.2239922417887596,0.0014061200988687858
MS4A18,0.20688167045654476,0.0014079805695784195
LCT,0.1688626902021925,0.0014241442453455037
NRSN1,0.2187753637997759,0.0014257481471209089
GUCY2C,0.21559850009020362,0.0014266393679309825
NKX2-8,0.2158918713169829,0.001439888861099003
IFI27,0.21705633562661092,0.0014405753287492478
DNAJB13,0.21660028065455114,0.0014510173100455003
IGF2BP1,0.19652261900211365,0.0014614747733612198
NLRP5,0.22368338444164995,0.001475451485797858
FMO5,0.20170671954198283,0.0014846428306189382
ANO5,0.22046961407936072,0.0014874924845201185
TMEM232,0.19963309479385996,0.0014984241802306739
VXN,-0.20290415968027653,0.0014999110434531834
PLA2G2C,0.20155200741850107,0.0015244973052842257
OAS3,0.20902419708405595,0.0015505036330457102
CES3,0.21242882249174977,0.001587621387890556
TREM1,0.20811020505292388,0.001588381694236209
SPTBN2,0.22165165634938097,0.0016135211670590508
LBX1,-0.21544047567369592,0.001625922375865154
CCNP,-0.20690585404330392,0.00166383226366225
ETV4,0.20140269090547633,0.0016646317199575343
ZNF90,0.2091001412440761,0.001668583365749785
GUCY2D,0.21527915938705525,0.0016806380033613116
UNC80,0.19244909467594612,0.0016806741479401988
SHH,0.2127448132641026,0.0016964623115436834
TLE6,-0.184749696357631,0.0017007533311427935
MT1A,0.21757628579461197,0.0017140904054660055
KCNH6,-0.22478798614810622,0.0017177613945854697
WNK4,0.17974590260698095,0.0017350323879306996
NKX2-5,0.16652968401324333,0.001743440255830523
SLC2A10,0.1766916732881564,0.0017444581324954896
ZSCAN1,0.20628210081046888,0.0017561517567204097
PSCA,0.2230669809756579,0.0017570573765497708
TEKT2,0.21333180757543824,0.0017781654984430797
WFDC12,0.1712164391611266,0.0017868495980891907
HAGHL,-0.19856633391664275,0.0018047756476146125
DNAH5,0.16467806787981895,0.0018087628942416805
FOXM1,-0.18488749423791145,0.0018173420834795215
HID1,-0.14129961092156051,0.001839610867969934
INSYN2A,-0.2141995468843877,0.0018451523269760529
SERHL2,0.21201196926556282,0.001856900135833429
KIF4A,-0.20280225388583667,0.001867683803555473
PTK6,-0.16341406084096774,0.0018704254065738414
RDH16,-0.21590624602180758,0.0018760077544007414
GAD1,0.22431645621977428,0.001887510143898327
GP2,0.1562860366044475,0.0018997768227873252
COL20A1,0.20392559017828504,0.0019004401843511682
SFTPB,0.21089010385921614,0.0019219948910548204
SPDYE2,0.21142545017481923,0.0019255519780617286
KCND3,0.18566057455751112,0.0019969536077720285
SERPINA3,0.19961663645269487,0.0019977963462927354
WFDC10B,-0.21519574063223623,0.0020070714624295808
PDE6B,0.2085919511291528,0.0020397198411238712
ADAM32,0.20753877753361397,0.0020549933386663373
ATP2B3,0.1734744996212106,0.0020642593520524256
CYP51A1,0.20984972805522056,0.002067218092813261
GRIK2,0.20003990985608353,0.0020859555343104657
H2AC20,-0.1969818667393905,0.002091150108195624
CYP4F3,0.20232971437189748,0.002103722433968781
ME1,0.2112378121009435,0.0021117339073972352
CSMD3,-0.21902267139210835,0.0021224077375244076
CDH1,-0.21217174407099776,0.0021269159232277512
TMEM212,0.21317024077134375,0.0021351760544698712
H4C4,-0.2035440584602773,0.0021655901596999215
BMP8B,0.20868801340729942,0.0021821657064161914
NFE2,0.20950162072460438,0.0022103993524982364
H3C2,-0.19067819473437042,0.0022147053030832056
TEKT4,0.20927197837277067,0.002223332902233768
PGC,0.2080696813237628,0.0022324518126566706
CEMIP,0.20060363147304566,0.00224320068280319
HHIPL2,-0.20512665331462887,0.0022432571302702284
KLHL32,0.2092235844809804,0.0022516749038113937
IGSF9B,0.1698183032964133,0.0022789643502097363
PTPRN,0.20798515639094767,0.002303941242636016
GDAP1,-0.21641580664385518,0.002306717047081263
CNMD,0.1680625279564511,0.0023156714309364376
SERPINA1,0.2130871750995373,0.0023239689418474547
FAM72D,-0.18072409991769928,0.002339833099712075
MAB21L3,0.19364336383597908,0.0023773291584445575
ZMAT4,0.21045859007559295,0.002386292007884124
LDHAL6A,0.1992942987053905,0.002436947726209148
EIF4E1B,-0.21670591894419666,0.0024488842830514505
ABLIM3,0.17038904839580205,0.0024493823776915117
RGS20,0.15279236430305376,0.002458715302707697
SCNN1A,0.13854304911376783,0.0024714352269952122
DRC1,0.21539676310137315,0.0024718865003466746
ADGRF2,0.16842269795846934,0.002474185553084342
NUF2,-0.1889559769618545,0.002480783876463025
PCDHA8,0.2057657625405227,0.0024826567409491538
ADAMTS20,0.20242349152823405,0.002498199976024742
TSPAN5,0.21106731531527523,0.0025233386852814
SUSD3,0.18445491500191868,0.002533482789526784
HPDL,0.16543942218479932,0.002587481878251459
SOX11,0.16963367876945032,0.002593859685625002
SYP,-0.21542480122191765,0.0025997461444693666
MSH4,0.200373007996683,0.0026173411396631613
CELF5,0.2046534990303869,0.002659478206659537
ANOS1,0.18143328188537117,0.0026663559075479036
RAMP1,-0.20052384389241873,0.0027181096434696203
H4C1,-0.17989277293858608,0.002722272696927971
SORCS1,0.19829807573988306,0.0027396644563128392
GPHA2,-0.20882651896163124,0.0027557503354128567
PRKAA2,0.20578675573474217,0.002777947954775382
FOXD3,0.19092154065108247,0.0028143159517091476
H2AC12,-0.15854275360695586,0.0028178152455915124
AC000093.1,0.2006313659094023,0.002831332548766787
KPNA7,0.1952978568554723,0.002848543029807624
GNAT3,0.21190910046758807,0.0028647791874858992
AP3B2,0.21224323392910147,0.0028788280552232517
CYSRT1,-0.17783521786411943,0.0028898978689782914
G6PC2,0.20477327118914607,0.0029337764774527665
ZNF703,-0.15973890721924391,0.002968183291342406
ARMC4,0.2007374802201389,0.0029793579734394304
C1QTNF12,0.20090754052173282,0.0029801565201842332
TMEM74B,0.20378378762328878,0.0029863275869707706
AC013470.2,0.1927893975956301,0.003026843296196421
MALRD1,0.20207247747110546,0.003064443796167522
SFTPD,0.1828451834573293,0.0030973281468032678
ALDOC,0.20389710058298047,0.0031536922824272097
RAB3B,0.20571704046937533,0.0031549209151124145
FAM110C,0.15112807156139899,0.0032392763508267723
STXBP5L,0.19664000540531051,0.003258012253506166
CCDC151,-0.1920034657754927,0.00326535526214723
SLC7A4,0.20345399996055127,0.0032909321054846977
KCNG3,-0.19388683755754904,0.0032945832828002782
CHAC1,0.18641868704741024,0.003295824321649662
AWAT2,0.17118592008569408,0.0033067712752278735
FGF5,0.19332877080953093,0.0033272644725276797
SPATA6L,0.1847383848483931,0.0033686854664433555
DIRAS1,0.19053209273645827,0.0033771371169757955
UPK1B,0.164481994458638,0.0033937509347821216
SULT1C3,0.2021701403340027,0.00345226650110445
MAST1,-0.18521456465944472,0.0034551551051866113
LRRC63,0.20031225583069434,0.003476991232809505
NMU,0.17740695681332827,0.0034882316246942708
SIK1,0.1927346169355829,0.003495707534056844
FAM71F1,0.1951312553122176,0.00351628754305313
HCRTR2,0.1776971227676146,0.0035242518059564057
ITPR1,0.16834154272242535,0.0035361539139297884
LRRC73,-0.18566692623919995,0.003546814460372532
CHD5,0.19414872135739863,0.003562101929619693
MYBPH,0.19028168787961858,0.0035778774182505047
C8B,0.2002971393349165,0.003673784572515773
AK7,0.17714018221727368,0.003673935462937481
ORM2,0.1704179965939417,0.003711722556981005
GPR139,-0.1976372784127047,0.0037231321626415973
DYDC2,0.19247187994992515,0.0037284850363243213
IL6ST,0.1639509185215049,0.003774355549337882
ETNPPL,0.19798452611558068,0.0037973571480987445
SCART1,0.19245591943591978,0.0038319736900866005
H3C10,-0.19815728383989106,0.0039514869402433464
LHX2,0.18241679117172493,0.003960936902944171
GABRG2,-0.20144941531444616,0.003973106476416209
HES6,-0.1923304198529267,0.003982350817533645
DNAAF3,0.14926666030269972,0.003983175417641321
MAGEC3,0.19434441848111672,0.004012475309597174
ST6GALNAC2,0.1732857005576704,0.004036287027787024
CMBL,-0.11759087620574188,0.0040415605536279825
RNF224,-0.17445180430096746,0.004046760970433821
LRTM2,-0.19661341630623178,0.0041345410007369516
XAGE2,0.0690634008402772,0.004165330459983709
HBQ1,-0.15990545997338873,0.004200387729731238
LRRC9,0.1941422619619587,0.004229925229869048
TOP2A,-0.19474774178053644,0.004262744487204524
SPATA46,0.19179188759731078,0.0043008010757714064
CST1,0.18657125316187276,0.004309873713601325
CHAD,0.1705340130182113,0.004383303025340266
NPC1L1,-0.18731985232719595,0.004409883591558233
NCBP2L,0.13019085914549894,0.004415236902674729
CALCB,0.14800369630640567,0.004415543116449287
NPIPA2,0.18781171337300467,0.00443699821885578
MAP9,0.19300422227951783,0.004457815573742614
DKK4,0.1833869790773331,0.004459526494887687
WFDC5,0.16793897783071782,0.004472942513726992
ASB15,-0.19962272870450154,0.004617140548764065
PADI1,0.16767466180037827,0.004681025130780306
SMCO3,-0.20349814279207856,0.004701347052408261
KRT32,0.1856172325483253,0.0047092503267050535
TUBB8,0.18816942936904096,0.004744725923007483
ITPKA,-0.19553857959531806,0.004820303495060453
GDNF,0.19571850902629007,0.004844470112126028
IYD,0.18174737799270024,0.004967050882674646
ACSM1,0.17383355908578582,0.004973529157140691
PEX5L,-0.2010759290666202,0.005011391900203909
ACTA1,0.17549259286867008,0.00505435928845687
TBX10,0.1960921529893797,0.0050740026245815195
KCNV1,0.13144914571103317,0.0050965222199780115
IBSP,-0.18897390599673144,0.005107788180373623
ADGRV1,0.18026725193643933,0.005145210620745497
SCUBE2,0.14901961486219478,0.005163902663245546
C1orf94,0.09868870668548252,0.005226195468323445
PCDH15,0.16125853423186043,0.005231168810229958
CTXND1,0.18441791189018517,0.005261281956055627
AQP2,0.17143920660531045,0.005331336508385043
FAM83C,0.15640643775133864,0.005337027045184131
GNRHR,0.17985398883004214,0.005358096676366593
ALDH3B2,0.1735714243336897,0.005399022732267542
GADD45G,0.1764194420659581,0.005496748410834484
KRTDAP,0.1503844567245995,0.005534326954250486
CACNA1I,0.1874981833646402,0.0056607588740305356
COL28A1,0.17055255578482015,0.005695110028835479
SLC39A6,-0.16284836192098642,0.005701752645163301
SRPK3,0.18935526523593416,0.005769011809890127
GABRR1,0.17377596053816677,0.0058979588776833115
CAPN13,0.10593941925218092,0.005906794326332902
EPS8L3,0.1892187678389392,0.0059358353369261185
SEZ6,-0.19926584036060074,0.0059399049035540556
PANX2,-0.17668758466681256,0.006035002813426505
RHOH,0.15697016031619335,0.006076009938483137
CACNA2D2,-0.15573450341577103,0.006079698693329172
LGI3,0.19066926148984845,0.006098970314719259
MAP7D2,0.16039644003997328,0.0061435834564250915
ATAD3C,0.18715448172452342,0.0061588826182641734
CAPS,-0.1691441078934846,0.006200737309337142
WNT3A,0.18913674244976258,0.0062457877822520375
LHX8,0.16708441420263137,0.006282442511099629
CRISP2,0.17210858132272264,0.006295659408746252
PTGER1,0.17999634563142908,0.006312037648031195
MNX1,0.18389083779311127,0.006345752966624991
C16orf74,-0.16126867840912967,0.006352329871869715
FAM47E,0.1396128243211823,0.006362598614645285
SPRR3,0.1724398512815317,0.0063663229518852605
BATF,0.15847608910741823,0.006367514812535103
NCAPG,-0.17458364036695267,0.006401808749545099
MAGEA6,-0.156638367928249,0.006432876635075845
MAGEA8,0.17861300286017778,0.006436700955840949
LYZL2,-0.18683295674969563,0.00654576566266285
DUSP13,-0.18004357926590675,0.00657318574643709
SLC22A31,0.15858117215318218,0.0066114484100673315
C9orf135,0.1796144329325992,0.006677782040936671
OR8G5,0.1732981517520156,0.006719738583942653
H2AC4,-0.16162352850937278,0.00674332685129036
RORC,0.13682038522551795,0.006801002861279508
ALOX15,0.1823022191834141,0.006871590495551548
MYOZ3,0.1771901496713864,0.006877824655244672
MAP3K19,0.18524593148982219,0.007132788890538201
NPAS1,-0.16765387838874027,0.007139394312354775
PCDHA9,0.18099538220743538,0.0072247947338358745
P2RY4,0.18820280190547706,0.007269428199002888
CES5A,0.17457674408632254,0.007364946819118784
SMC1B,0.16044905844695792,0.007368679698421264
UNC5D,0.16040433352462743,0.007400446680519283
FSTL5,0.15218066652817072,0.007434881595971925
CCL7,0.16002073096334202,0.0074350639341919204
EBF4,0.15969042688902538,0.0074823773250381875
CCDC78,-0.16812050266830925,0.007490411359200902
ANK1,0.1978190528847314,0.007495924735571301
KRT37,-0.1638556901614919,0.007505104082499255
FGL1,0.17916364251673256,0.007536519109544174
CORO6,0.18725425659335757,0.007588610110521912
POTEF,0.18259026787771687,0.007601895111983422
OTX1,0.15991742867246425,0.007655925651417174
TFCP2L1,0.16501847568665357,0.007702397674563988
ELFN2,0.17995273596422112,0.007707998838916452
H1-4,-0.17415348830544244,0.007722629071492081
MARCHF11,0.18647007399517515,0.007806760814754428
FAR2,0.17985484284545056,0.007840164744233661
HSPB1,-0.16652142935425465,0.007844695751972688
SMIM31,0.17121225803809864,0.007904980552335312
ARHGAP8,0.1673240036196195,0.00797028447843628
CCDC196,-0.1831095877545559,0.008022973074213133
ISX,0.1788525184349695,0.008129166035855612
ARX,0.18460401099031787,0.00813056231209153
MARCHF10,-0.17089147558164003,0.008141779357160692
TSPEAR,0.18103643515840345,0.008155328617530159
CACNA1B,0.1620946510730296,0.008175788176136421
PERM1,0.16658865588672067,0.008193458556314316
FFAR2,-0.16894035452207218,0.008276672315754373
ZNF732,0.17025495710653837,0.008291762573015816
TNNT1,-0.17694034187580576,0.008304982683223014
NPTXR,0.17175335811188697,0.008326608245729686
MROH2A,0.16386673782638145,0.008335641964236518
CLGN,0.1526148952582287,0.008459354915561735
H2BC14,-0.1672282741305237,0.008531013253478398
APLP1,-0.1827986033244803,0.008584717042107037
KRT78,0.12399606221831241,0.008608194153488376
SLC38A1,0.1692254347636736,0.00861085598459941
ADGRF4,0.16482975536954608,0.008696476823394373
TAL2,0.18057670811802032,0.008754718113703088
TEX101,0.1654931230383569,0.008921798218884601
VWA5B2,-0.18438844932682324,0.008967980129466964
FAM135B,-0.17168641712757837,0.00896885333630469
POTEJ,0.18822311093532018,0.009039150694314673
PLK1,-0.160847257365199,0.009053936314226995
CKM,0.16631620106618686,0.009082156800943013
OR10H1,0.17927974713774925,0.00910609082846805
SYT4,-0.19707476053126682,0.009144517081697778
MTTP,0.1614315934119552,0.009191224312800034
EPHA8,-0.17219567104502934,0.009205441962533763
CSAG1,-0.15295236529463463,0.00924964215065251
CHRNA9,-0.18898504428790813,0.009337889348804107
IL17REL,0.16870081098421502,0.00941482322722438
CDC20B,0.17851152338327897,0.009519439388293659
SERPINI1,-0.17732153179280136,0.00958879391814557
MEGF10,0.17275960536406884,0.009612339585808925
H2BC21,-0.16836382944805317,0.00961996633886722
PCDHA5,0.17549916886475145,0.009720339599750138
TUBA3C,-0.18195974677202445,0.009828686417789438
GABRB1,0.16885800449741656,0.009872137967484429
RAD21L1,0.1746810081045681,0.00991179790633083
BX276092.9,-0.17945294951896062,0.009964012817715558
NEXMIF,0.1649518746173102,0.010085408350698655
GREB1L,0.15315747558456652,0.010179983774721396
NAT8L,0.17112923282505854,0.01024331107554866
GSTA3,-0.17799231598069645,0.0102596155632622
FYB2,0.14708476614301647,0.010274601746585307
ERFE,-0.16078442499450937,0.010343464559237457
ZDHHC22,-0.18721557461010582,0.010368471519438295
AMHR2,0.16758192904323754,0.010418647773623314
CATIP,-0.17398493170164742,0.010440244713337501
BDKRB1,0.16747654693139735,0.0104677343733333
H1-5,-0.1540486962824284,0.010522835245158098
RAPSN,0.1441706873185767,0.01052465627533219
GPR6,0.18154968912691186,0.010541392848459848
EYA1,0.17188953620292813,0.010567879492035769
ABCC12,0.1624431967281812,0.010577010605325244
RNASE4,0.158017676590349,0.010692315477435394
TFF1,0.12097528860835316,0.010892358532807702
AMY2A,0.17011246628370008,0.010954337769541612
CCDC187,-0.1802676286252497,0.010968737194273798
PPM1E,-0.16949855198864938,0.011010953346500854
ACTL8,-0.1457880749938114,0.011020241695911466
AMER3,-0.1891073172003655,0.011024404040649654
SH2D6,-0.16955635430094212,0.011071633019641291
H2BC17,-0.16352863467814516,0.01119405518906493
SLC6A4,0.1746738748001264,0.011263113882812634
H2AW,0.18294734254777958,0.011335385326704122
BMPR1B,-0.17252589826870102,0.011373138560118573
PGR,0.1427441437537577,0.011405335684880653
TSPOAP1,0.16693396298713248,0.011479696655818373
SPOCD1,0.17557183361537326,0.011559144846310064
TRIM54,0.17075052561047907,0.011691059449931637
EZHIP,0.13794850293400443,0.011723257799120703
FGFR3,-0.1576675693178572,0.011728237469799459
TYRP1,0.1680130315922596,0.011739729267854755
LIPH,0.15541470553164236,0.011806391853706412
INA,0.12737496819121755,0.011828731561402767
ADAMTS15,0.13193188030695974,0.011878835682499018
GPR83,0.16105338421537732,0.011923418297899323
TMPRSS11D,0.15862884663885335,0.012039126740950958
DNAH11,0.16302394362024014,0.012058935302861494
SMIM33,0.17329018607217314,0.012084365538812989
RBM11,0.15333823492466236,0.012161113133627353
MYRFL,0.16839921621757453,0.012269204877903808
SULT4A1,0.1638863163971557,0.012606957836058998
TAS1R3,0.16971842836508014,0.012626886210757617
LIN28A,-0.18005920784739068,0.012683627718126861
SLURP1,0.1440355536070283,0.012819093659416607
RHBDL1,-0.15612466218356427,0.012822559393378011
PCSK1N,0.15517112919469286,0.012823104046192347
TBATA,0.16815532784590942,0.012896828026441867
CT83,0.052909453911382576,0.012958221173616368
TMEM191B,-0.16102945868540272,0.0129965552545738
TBC1D3L,0.1577618161457878,0.013002397344004536
DCD,0.17110633417096704,0.01300832727582207
NTS,0.17547699833946823,0.01304270320585009
FOXH1,-0.16688650047112208,0.013125434657207462
CYP4A11,0.16467395437305318,0.013126991734311626
SIX1,0.17273908829415555,0.013156470282682159
GJB7,0.15919082962422162,0.013171009867295937
ONECUT2,0.17039322310762556,0.013196996044203754
HYAL4,0.1562819526597876,0.013201385550505674
PLAAT3,0.13972906756056125,0.013238111029368824
TPPP3,0.16033376469174693,0.013238638190607506
GRIA2,-0.1777441618566965,0.013328181006538525
MAGEA12,-0.15250993948816471,0.013456222439620497
HPN,-0.1289278338257987,0.013491365612444219
LRRN4,0.14679813506050138,0.013652665620232696
NR5A1,0.15062684588220954,0.013817979750270043
ATP1A4,0.14841951337503714,0.013949688224836849
IQCJ,0.17111743026972467,0.013957318163832458
CPB1,-0.16587228026813292,0.014104242090440791
DMRTC2,0.1666423495312204,0.014521252640283904
GRID2,0.15737895216425077,0.014656514648001703
PLK5,0.16009699251365897,0.014964317628955863
LRRC46,-0.13386933774719745,0.015005527485008177
GPR179,0.16150231399543197,0.015106558775747547
NETO2,0.16787078689728213,0.015261516858785061
U2AF1L5,0.16289641487310946,0.015267931253831309
SLC5A5,0.1639350145340231,0.015269123559326934
SLC4A10,0.17471704278859593,0.01529519836506377
MYH14,0.15354169024783496,0.015378452229622069
CDON,0.15793099315742673,0.015389063732382394
CENPA,-0.1412021618511081,0.015440029706337446
IP6K3,-0.16628623254107872,0.015764194429295157
CYP2C8,0.16644593708899957,0.015875031038717336
H4C5,-0.16326986093627155,0.016023024132937012
GSG1L,0.16616780529116923,0.01610235424830401
CLDN25,0.1626989197957946,0.01614979102479555
METRN,-0.1297445703426066,0.016213755033502458
FOXN4,0.16562107414089597,0.016273462000626186
B4GALNT3,0.15919980899270053,0.01634295833541927
RET,-0.14096457654135025,0.016366206006351622
GSTT2B,0.15874056883234583,0.017068415234416497
AC011498.4,0.14948032345126952,0.01719048785969888
KEL,0.1657155714422635,0.017203887950177042
H3C3,-0.15340882176830425,0.01735438921198479
TGFBR3L,-0.16053712485763594,0.01753594565639462
SFTA2,0.15669360877107938,0.017645121393719158
H2AC16,-0.14904330197844037,0.017685506462073473
HMGCLL1,0.1657791706636747,0.01789790850822766
STMN4,0.16272667983863587,0.017938430491300183
SLC17A8,0.16200607518119844,0.01796290332287712
CDH15,0.16051877884956547,0.01796409992130114
TMSB15A,0.13023731991672233,0.01799706977296454
CAPSL,0.1536540837470631,0.018141743222863712
CACNA1D,0.13406318695049838,0.018206556970407274
LMNTD2,-0.14586013863890998,0.018206937776727296
SNX22,0.13894116617054866,0.018346556955314845
RGS8,0.1606092477655941,0.018381773915892696
LETM2,-0.15282065140344533,0.01845952512504452
NKX2-2,0.15982782533192727,0.01860191914328319
OR2B6,-0.15616554340477695,0.018891344513469733
ASPHD1,-0.1612305916041763,0.018924310356972365
TP73,0.13809918413647304,0.01894845225484561
POTEE,0.159970022301435,0.018995753673627082
PDZK1,0.15360519292576208,0.01904259097979121
HSD17B1,0.1549171342526426,0.01908043125388097
H4C8,-0.15751783194604552,0.019111220543840495
MMEL1,0.12492025117516914,0.019121141414892198
STOX1,0.15745889610459754,0.019155982781094406
CFAP57,0.13168191770072146,0.01923878347316151
MYBL1,-0.14841141150459838,0.019251793802745828
B4GALNT2,0.15384665275917037,0.019282058627848795
YBX2,-0.15146177640355596,0.01956862506173704
DTNA,0.1610587645383832,0.01957178483367936
GSTM3,0.1462261320414494,0.01971583364643339
TUBA4B,0.16452558413301116,0.019821337523633478
HCN2,-0.16490727325006702,0.019855285521320966
SERPINA6,-0.16107694109578735,0.020054702691190373
ANKRD20A4P,0.1544998392335582,0.020254419620011423
RHOBTB3,0.16529117162464504,0.020406206562241597
RHBG,-0.15604125340343994,0.020408424430841808
PXDNL,-0.1691122788952174,0.020459019830932772
JAKMIP3,0.14743679515248906,0.020471368043347562
SLC15A5,0.1621515793792968,0.020489862321060075
MMP1,0.1462700711884406,0.020494068224085685
CFAP74,-0.15892989111084926,0.0205947751130415
NR0B1,0.15878260923876458,0.020637946978151255
CABP4,0.154608978614649,0.020768781046571087
C2orf73,0.15528714710951946,0.02083396258109635
SKIDA1,0.16405261326988443,0.020947905201409697
TRIM9,0.15759952045524034,0.021008926195063324
LGALS9B,0.16045016678296675,0.02101077672655051
CIB3,-0.12905849673836628,0.02120157324936364
CXXC4,0.14095102870262277,0.02130877578622498
SLC16A6,-0.12542832605734505,0.021572553456873894
SVOP,-0.1654588780945013,0.021690404721177642
OR13A1,0.15559910336326657,0.021711192788285955
SPINK1,0.14727869040788724,0.021907037653425505
MT1H,0.13096342162129979,0.02201453329766803
TRIM67,0.1508018577103731,0.022405639681954782
ZNF860,0.1487546470626605,0.022653660596409365
SATL1,0.1379367573529676,0.022731280209434865
BAIAP2L2,0.12196550580618931,0.02275224041348062
SLC34A3,-0.14401023167562071,0.022914384873418334
SPPL2C,0.15872914847149744,0.023167503938289338
STH,0.15091499338802797,0.023413161482979526
AGXT2,0.14995080388481485,0.02372477273011963
GPR160,0.09956781150076183,0.02381611047889856
PRR36,-0.11190413839502977,0.02395852273526277
SCUBE3,0.14245228580324715,0.02398123856071692
UROC1,0.13162430285538781,0.024057194392134853
ENPP5,0.14925151600121944,0.024132372547622745
NBPF4,-0.1525593605401166,0.024138775503215148
RIPOR3,0.15397980832282065,0.02429957202113494
SBSN,0.10418807238990377,0.024388947227434014
GPR26,-0.15924988532978296,0.02455725193774177
C20orf204,-0.1479860002307291,0.02455851321962354
CFAP70,0.13394835905620323,0.024828602202035824
CKAP2L,-0.14582415267484716,0.02483997589477313
CDK5R2,-0.16001863785367965,0.02485748137828318
KIF2C,-0.13407074802045452,0.025303694782519724
TRPM5,-0.15563541676702738,0.025313852039093702
KRT38,-0.12105641150011195,0.025528649709487324
CADM2,0.14160769745007076,0.02555421193977203
HLTF,0.152829307951696,0.025669520083641397
GALNT14,0.14513639590284141,0.025711154557636826
FOXA1,-0.05260726715487585,0.025729248453535813
LYPD3,0.14308672162012126,0.025750011333691345
SYT13,-0.15161206793706272,0.02594346057736006
PRSS27,0.13097498870408572,0.026081443385161874
GPR19,0.13635349190381288,0.026206914766892596
OR13J1,0.15130840670781767,0.026250507034365975
PRRT2,-0.14047966198960965,0.026342467815097022
CYP27B1,0.150961237162324,0.026580367677055405
RPS4Y1,-0.15881727455125327,0.026759727587903025
TPSG1,-0.13172905929801115,0.026777478533397837
A1CF,0.14566220696507648,0.026802848160709353
OAS1,0.14595729535222596,0.02683533732169542
KIF5C,0.13574644402091957,0.02710360178631908
PMAIP1,0.1533275432740586,0.027151858513318694
MISP3,-0.11565060236815217,0.027203753414465903
H2AC21,-0.13673354974933516,0.02729986676092939
NOTCH2NLA,0.14952834698125922,0.027556998372552335
NUTM2E,0.14553695788583282,0.027613993166423725
SPAG16,0.16032817830633,0.027895288345683375
PAGE2B,-0.1473559362081603,0.028009432317963844
ZSWIM5,0.13147107744365868,0.02804358185614273
SRRM3,0.13416426569840562,0.02807942816991132
KLRG2,0.14498187104056665,0.028171922331354633
SSX1,-0.13898196018297776,0.028225055840778484
PLA2G4D,-0.14472667995688138,0.028560497836487505
ZIM2,0.1462898169413352,0.02890718789571993
ITLN2,-0.12700710854831773,0.028924937107446386
GCGR,0.1439917785787865,0.028986717929807733
RADIL,0.1401979474669664,0.029034101583676142
TMEM52,-0.14156853944541262,0.02917979987600504
TCHHL1,0.10192670607578828,0.029270603503392473
CHRNB2,0.15640283107352418,0.029451018516090555
STRA8,0.09993585938750127,0.02985615946249696
BPIFB1,0.11726460164782987,0.030055098832747013
GABRA1,-0.14839697929836138,0.030173106294261454
ERVH48-1,0.13124355244238198,0.030178233430160684
RGS22,-0.1287047379117117,0.03021196597551132
GATA4,-0.15394684269715658,0.030219667072462566
NDST4,-0.15814925942935432,0.030219708276263853
FAM155B,-0.13764845172903484,0.030301325789002916
CFAP43,0.12179158083521269,0.030375898802181705
TNNC2,0.14234601623800003,0.030850426223213934
SBK2,-0.14834533068559114,0.030947715871399713
CHRNA4,0.14590788938041993,0.031060476183365476
ABHD2,0.14173988566843332,0.03122807937070376
ENHO,-0.14936855437953644,0.03137527931782742
GPRC5C,0.11483778049987187,0.031626749641920415
TEDDM1,0.14432147612655186,0.03174842935939704
CBX2,0.13570475127696788,0.0322244630695018
C11orf42,0.14485030000842666,0.032230613997894786
UNC13A,0.15609811434815482,0.0323071606489858
EXTL1,0.1142281649381402,0.032614064254518904
HOXC12,0.14132751725813425,0.032695855829271286
LRRC10B,0.14815023153018256,0.03296117877581959
PRMT8,-0.14758264493576162,0.032968838619534535
CPNE7,0.1483119869561483,0.033188506245627955
CAPN9,0.12282596759292178,0.03349726664591397
ZNF729,0.14461458274139938,0.03381580830563263
MCM10,-0.128299452201359,0.03382358427077561
TOX3,0.1025637760345004,0.03383330712119972
SCG3,0.14916380326526302,0.033902555812650524
SPAG6,0.15142783042879152,0.03447439930376959
RNF225,0.1464426862275716,0.03450251979412846
KRT19,-0.11817936516462167,0.034535934729207324
MSLN,0.09556543546596785,0.03492145039485197
ENTPD2,0.12702149900013548,0.035016671750128396
AC010255.2,0.13981309405717007,0.03504014948291764
EIF5AL1,0.14066585291055597,0.03520054920741715
PLAC1,-0.13024499958725966,0.035284357577457605
CFAP47,0.13377866078711384,0.035439568270847724
ERBB2,0.13765229165630552,0.03553787155134493
PILRB,0.14420181433222282,0.035719338822803426
CTAGE15,0.1409178130314892,0.03584959088645182
CHIA,0.10866316705119283,0.03590061069494284
DUSP15,0.13923414244126248,0.03617711476791066
H2AC13,-0.141902830435658,0.03625637041215123
GPRC5D,0.13129007139952573,0.03634962689375987
SPP1,0.14121810511701532,0.03636810687186932
NEUROD2,0.1466523803933394,0.036377348289040656
CA8,0.13053095302669263,0.03638114388905477
H2AC19,-0.14337861958087905,0.03639597306709733
SYNGR4,-0.1408010167642255,0.03660803310837778
LRRC6,0.1331830037506163,0.036611536489127655
C11orf86,0.07336608696644464,0.03675695025912857
WDR87,0.12842648414459587,0.0372169922859284
MROH6,0.14206676038802987,0.0373518165395553
IFIT1,0.13955322082162147,0.037749219616926795
SYT1,0.1375767698287922,0.03778495252438957
ELOVL2,0.1342077768484561,0.037925476388475945
STK31,0.13409556644938275,0.03805215508849987
GGH,0.13463393386710265,0.038111030488407735
MT-ATP8,0.1336687546093966,0.03818701574705439
CCDC175,0.14591598104093512,0.038231496056690815
TDO2,0.1303757846317361,0.03825051542721246
NRAP,0.1412798500510783,0.0385793644331938
VAV3,0.10409487613761681,0.03897355549329806
DLGAP3,0.139573145912178,0.03899027016329025
FMN1,0.13155778843209853,0.03900649589400832
DCAF4L2,-0.13219880450461335,0.03905047664267386
MRPL12,-0.1355745984118883,0.039224094360841386
CFAP299,0.14497698284432223,0.03968898555135286
PRR11,-0.1311746655950593,0.04006859771414351
MAGEC2,-0.13486628286675162,0.04021273298632417
C6orf141,-0.14573679951090543,0.04025455427774284
LRRC14B,0.12692607228075978,0.04037140853590136
CRISP3,0.13294459291951444,0.040377437001666634
ELAPOR1,0.08709593519555306,0.04047176419866742
OR51E2,0.13366929750976803,0.041296514400323274
GRIN1,0.12307811086490072,0.041537110670291914
MPV17L,0.12128823713509154,0.04156096680321906
PRR5-ARHGAP8,0.1334516279949965,0.04204698376869689
CTSV,0.10809169374020733,0.04245413447855535
KIF12,-0.12085434590710348,0.04250422816887076
MKRN3,0.12668185110951363,0.04263208481175433
CA1,0.11829080829970737,0.04268392922932564
ZG16,-0.1455853965286204,0.04286650248505505
HRH3,-0.1351814410229808,0.043265672649032125
SLC7A8,0.09636751005689437,0.04370928316897358
CLDN6,0.08868912989697639,0.04397773860405962
NMNAT3,0.13692287476103593,0.04400794324488237
NAT1,0.11114043744578134,0.044208923874784395
ALCAM,0.11345268478977336,0.04454780820074977
PTGES,0.14089450224017233,0.044592794943124556
IGFL3,0.13274927087896338,0.04513516028843473
TNFRSF18,-0.13594310771338833,0.04519730273455444
EPHX4,0.13719844563036152,0.04521677775613241
BSND,0.12385465980745038,0.045621156479765335
CYP4B1,0.10448778402135062,0.04603505293231667
CYFIP2,0.1340722500047945,0.04609159854035043
KCNH2,-0.13299032266725655,0.04655129224446032
SLITRK6,0.13279228107703522,0.04676757690286032
KCNH1,0.11747428519122549,0.04744394006453633
IGDCC3,0.12785163302062008,0.047621194697455856
STPG3,-0.12911286182684573,0.047630405897804734
HTR1E,-0.1406211788854163,0.04769886969648747
CCDC83,-0.1258655053241564,0.04805576369567267
SYCE3,-0.1285387336879661,0.04813929198397131
XBP1,-0.08207850543685352,0.048213515236474366
AL031777.2,-0.1362593577731639,0.04823572484835345
UPK3B,0.11584869721947916,0.04850085119587002
NBPF6,-0.13394811774596677,0.04851855168617229
FSIP1,-0.10174096927082588,0.04861580485403974
ASTN2,0.10991150702749058,0.04873420195952501
C5orf49,0.11117422332309773,0.0488312644254784
CPB2,0.1336167970744657,0.04907812314381715
RETREG1,-0.12013526171443248,0.04908429119179522
MYBL2,-0.1261551937454014,0.0491518838000806
M1AP,0.1274634087036138,0.04946690987875068
EFR3B,-0.11380435914273718,0.0499815403563092
H2BU1,0.14069120934221413,0.05008946677994838
UGT2B17,0.13844255371329037,0.050709633851294914
CAMP,0.12948230084211584,0.05076726184542231
C4orf48,-0.13632369786988183,0.050942809341778375
FAM83E,0.13100558620357217,0.0510921692417273
PLEKHD1,-0.1059530344947886,0.05134236872344711
PLSCR2,0.12056991673633141,0.05147586774289902
BEST3,0.13501940821829805,0.0515258386091573
SLC23A1,0.11172602978880566,0.051538901588164536
MST1R,0.1328974074037282,0.05199029846554876
SCD,-0.13113183387233332,0.05218769538134679
SLC7A2,0.11519333564394071,0.0525398394715119
H2BC15,-0.1282257134499016,0.05265605712933773
UMOD,0.12093702472516146,0.05301243580100843
FA2H,0.11384506809287255,0.053363426819502506
UGT1A7,0.11997252267021627,0.053415322960547004
DCAF12L1,0.13826198890089397,0.0534672124438654
EFHD1,0.1028767713297481,0.05360138402711578
WDR38,0.13365675429764096,0.053613725219225486
BRINP2,-0.13127158015284043,0.05401866204844245
C20orf85,0.13688228827972676,0.05419890494860039
CFHR4,-0.11572050257296644,0.05438166538365289
MAFA,-0.13572235179165099,0.054441799673913105
NQO1,0.11272829687399083,0.05511912770366511
CAPN8,0.09394148022801863,0.055246797371685384
TMEM225B,0.12408092392571826,0.05543031818493475
RASL10B,0.11512886065589861,0.05581371896613478
LINC00514,0.12592684332411874,0.056685235433074
ABAT,0.10102371109219654,0.05669261191028558
TTC6,-0.05983761220586714,0.05685816845544971
SYT9,0.10895381580594024,0.057075613139568666
SPRR1B,0.0985840402284253,0.05740158925819177
DEPDC1,-0.11649021184668928,0.057804436891289425
ZNF804B,0.13315839681399447,0.058300640238712884
SYT17,0.10863265258218774,0.05850341430196172
AGR3,-0.07696487548943348,0.05852616397234671
SLC38A3,0.11098988668346656,0.05882156279496416
HS3ST5,-0.13559340270315298,0.059203651720846115
CYP2A7,-0.13357331542908912,0.05924321797072454
PFKFB1,0.1196292642575858,0.05951934579116359
DNAJC6,0.1261356870818842,0.05984192689074067
OLIG1,0.11280117990046165,0.05986157105112706
CEP55,-0.11692045597431339,0.06003135625338964
GNG4,0.12533277255234476,0.060187843981435805
H3C7,-0.11783564510323588,0.06029002733667998
STX16-NPEPL1,0.1305053215413718,0.060571911248091824
KLC3,0.12171076020781296,0.06074849794402999
PCSK6,0.12051508258747377,0.061696943592712196
PRLH,-0.12309730222480658,0.06189745225733624
ERVV-1,0.1155939641931418,0.06226119102849901
DLGAP1,0.12038421588458334,0.062519784897611
NRIP3,0.13464775308300503,0.06252311520935314
TEX13C,-0.12308936670567452,0.0625380190669422
CDC20,-0.10765623065781202,0.06271597513931167
YJEFN3,0.12470744488790153,0.06295611617985948
GJB1,0.12365940192868535,0.06319921725832403
TEX45,-0.11886531235558981,0.06344874915817905
LRRN2,0.11860273204103967,0.0643947447279471
TMEM210,0.11016003407391439,0.0645595002315502
ETNK2,0.10926693161171122,0.06519407327645979
WFDC2,0.1272144180852745,0.06544724155054997
SAG,0.11791883251550861,0.06544749088715746
STMND1,0.09678754491343289,0.06549932942095062
LHFPL4,0.1248916169329754,0.06585500322460702
AXDND1,0.12413001286511344,0.0661310831301043
MCCD1,0.12726954764243356,0.06781012364291009
DHDH,0.11480116715577345,0.06810040215450573
DSCAML1,0.12252500674799735,0.06816965310576431
ADRA1B,0.12292483558545092,0.06824230834617755
PAGE5,0.12376695257810175,0.06842699862273104
TMEM26,0.12032569226716544,0.068724429918935
KIF20A,-0.11668763783040484,0.06942527728067564
OR56A3,-0.11526766582893752,0.06950138755315703
FEZF1,0.10940938198396408,0.06983071234625765
S100G,-0.13314897092021594,0.06987882303106337
SLC39A4,-0.12588196468015245,0.0699690129649884
AFF3,-0.08892341630645889,0.0703332701630445
H2AC18,-0.12419397269102728,0.07062579644201873
PCSK1,0.13313385883895099,0.0707498744277498
CFAP45,0.11376955442644132,0.0709938116020217
TEX14,-0.12521428198600623,0.07107295276067314
GDF15,-0.10053569056325859,0.07138891654296065
CLCNKA,-0.11625870391953047,0.07141292085924283
FOXI3,0.10744487232467004,0.07143293135523551
PAGE2,-0.10674774390730178,0.07149794920587099
CELF4,0.10700795841660793,0.07200491710326458
SCML2,0.11376067935748557,0.0722928578569309
FRMPD2,0.11085423704971997,0.07257225501544745
CRACR2A,0.11119100036592,0.07295066835656658
RNF43,0.1180182346274428,0.07300431524310204
PLEKHB1,-0.113402857397265,0.07349802220292484
H4C3,-0.10926859001960423,0.07349886959010987
TMEM184A,-0.0905314623799636,0.07357087004721942
KDM5D,-0.13087678815167128,0.0739021424786514
GDPD4,0.12631002808121672,0.07395777788733912
H1-3,-0.12156860080351548,0.07447501199393644
MAJIN,0.11892895919763141,0.07479209957795452
DGCR6,0.11822770469059526,0.07483486826300845
FADS1,0.12483324293240028,0.0750387351534537
LYPD4,0.12268469704098206,0.07531978647298845
GPR37L1,-0.12288285726549997,0.07593579002471584
ASAH2,0.11316348152674507,0.07612503781730252
RCOR2,-0.10254842552446619,0.0775050954407277
LACRT,0.12411038612138424,0.07964240636884927
CBS,0.10918630404276441,0.07972841574451812
CALHM1,-0.12547843764387073,0.08012946404836906
BRSK2,-0.11790708944253468,0.08062354088640714
SYBU,-0.09249671934274634,0.08064559551570494
CKB,0.10980976329632,0.08065599632813121
LYPD6,0.1077051071800432,0.08067443285336844
GPR27,0.10874399644440473,0.0809220502280263
HAPLN1,-0.11123519337613616,0.08143763898435749
TERT,-0.10451721212919411,0.08178148257911745
LONRF2,-0.08725517990380383,0.0820762895959397
CCNA2,-0.10894241905019714,0.08226289499645394
H2AC11,-0.12217133479291183,0.08285077797333054
ORM1,0.10712830260074309,0.08437393269641559
MELK,-0.10466957975245611,0.08512062470321216
PLIN5,0.10512159837708016,0.08553894103844145
VCX,-0.11496075946644088,0.08572088933519034
NPHS1,0.11038072159344406,0.08656122965600381
NXNL2,0.09590583921033938,0.08665367605459291
SERPINA4,0.11443885859358252,0.08696862199871175
VWA5B1,0.11860458204422311,0.08741682518376344
SLC17A9,0.11622634682757244,0.08753154186746166
SYT7,-0.11314128357092362,0.08830977169676427
IFNL1,0.10543340885622393,0.08867164026534156
FER1L5,0.11015928469398187,0.08948962776331777
BPIFA1,0.10767752974033329,0.0895293913170318
LRRC52,0.10899989800769175,0.09100952559054344
GNGT1,-0.11331273463174629,0.09162063640344358
ADAMTS19,0.11108830607104211,0.09165881039760743
COL2A1,-0.10631141113485365,0.09220778305834568
CABP7,-0.10574139641558383,0.09271338721669826
SPEF1,0.09238096203549356,0.09281587355820207
VTN,-0.12157772810903428,0.09285249492045854
AGTR1,0.11289790800673025,0.09332949842594185
PRKCG,0.1157099674266634,0.09345993191910165
SH3GL3,0.08306875259810892,0.09382700757740385
CCDC114,-0.10667061962014135,0.09448663926033972
RAB39B,0.11979885313139446,0.0946189086768171
CYP2A6,-0.11876506548097847,0.09470228190937478
CCNE1,0.08370807336165514,0.0968418036831538
PALM3,0.10920798406579665,0.09691122152661785
GJC3,0.10083354288505451,0.09729790778072903
EDDM3B,0.11472000597282435,0.09791457607176338
UGT2B15,0.10051138741254828,0.09819059336057485
LINGO1,0.11253125705980078,0.09872775580360517
RLN1,0.10662257423112398,0.09958630082098552
SH3GL2,0.10795520711499608,0.09979298665398309
DOC2A,-0.10560156582432836,0.09980043608489188
POTEI,0.10359388570755226,0.10063562554230022
ZNF534,0.1118687495127476,0.10114673692735675
AC138969.1,0.11043498499591191,0.10218415977422342
DLL3,0.09811601025898767,0.10243169318866945
MYO18B,-0.0996303687025322,0.10285940009578808
NAT8,0.10807390330602196,0.10314490681665274
FAM83A,0.10660843648277163,0.10359097941004937
MLPH,-0.043827629395081225,0.1036678742028621
TFF2,0.09963001655570743,0.10429348164547282
TUBB8B,0.10803208424801183,0.10444885894446788
SCUBE1,0.10340390214695844,0.10486468578631185
ANXA9,-0.08420234805328847,0.10576765588395923
DLGAP5,-0.10287838169725175,0.10596756477265122
TNNI3,-0.11013618027026559,0.10639091608698256
PCSK2,0.11447338959189303,0.10663588024539505
MAGEC1,0.10762214185097917,0.10668743642033256
C1orf189,0.10604946185050972,0.10696201934252567
AGBL4,0.09366333550919395,0.10775174203305041
H4-16,-0.10567382324662827,0.10776636678899026
IL36RN,0.0859038606977669,0.10776812106714018
ST8SIA5,0.10769977181955022,0.10887934613643858
PRSS41,0.08196810566328783,0.10908558403949752
TRIM36,-0.11351287030648535,0.1091024731634869
CTNND2,0.09947392855025096,0.10953146948970303
FTHL17,-0.043399594518674284,0.10962319158538203
HSPA6,0.10349607893858774,0.10973359223001597
PGGHG,0.1114165707883212,0.10987055048248419
AZU1,-0.10158100975315457,0.11014936305613857
LEFTY1,0.10379784103736556,0.11032743049750726
GSDMB,0.1116734284149781,0.11048012957970552
AC015802.6,0.10512753629479597,0.11073594686858093
H2BC4,-0.10586719415707282,0.11098236719066693
PAK6,0.11183534951039759,0.11101925078022216
SEPTIN12,0.10432959193301379,0.11125885013001542
HCN1,0.10600122129328633,0.11128851204646119
RPS6KA6,0.10614327923075256,0.1113501389259091
EPN3,-0.09489970663093714,0.11149440002867488
RBFOX3,0.09699019172143122,0.11333034701017922
ZIC5,0.09139113127950448,0.11359887769495271
B3GNT4,0.09449566181139127,0.11366145618259328
RNF157,0.10252524021541896,0.11386494022949524
RP1,0.1019623343156329,0.11412741434224113
ZNF572,0.10682304762326286,0.11422459811198234
CALCA,0.09172241938681032,0.11430746712204003
STRC,0.10745164692554175,0.11510488867314118
CFAP94,0.08178484253061524,0.1156258437050741
TRPV5,0.1093192951602388,0.11571554658480629
CLPSL2,0.10166448529493263,0.11664863836482452
S100P,0.1026932369435959,0.11685717044686457
H4C12,-0.1058738222089866,0.11703479086625262
PLA2G10,0.09944647436649057,0.11726995160753739
DOCK3,0.09751452384517678,0.11811870633932582
NME5,0.09476062676734032,0.11845625945768642
SERPINB3,0.06189113295970983,0.11883964713380252
PLPPR3,-0.09202988530903339,0.11931405785133929
IL20,0.09734832291127365,0.11964136348970773
SRARP,0.07455829070526038,0.12078220667109776
OGDHL,0.09732056592770211,0.12113673580343683
INHA,-0.10511040366572555,0.12204042903298803
H3Y1,-0.10878013967831926,0.12206369587168894
NEU4,0.10875847500855199,0.12287447849687119
LY6G6C,0.10581097694773761,0.12293897793100138
IQGAP3,-0.09721485054184337,0.1231574756105594
PCLO,0.0922036979485709,0.12337082556754721
RAB11FIP1,0.10137014058820552,0.12428262884530415
PNMA6E,0.06435230335926867,0.12446585471492785
NPPC,0.10226027404054328,0.1253081774901181
VIL1,-0.10356158353257328,0.12547709005716445
PHACTR3,0.1024364920971778,0.12637284709445457
CTNNA2,0.10345715715754032,0.1271552446017681
SNTN,0.09435348701823992,0.12784893578941578
EXO1,-0.0951630006265341,0.12808471997331042
CEL,0.10067037632460323,0.12888257116848256
CDX2,0.06468352166733651,0.12979240549855678
OLFM3,-0.09654736619205258,0.13042847048164175
POU5F2,0.10032360391957579,0.13063172853770863
TMEM270,-0.10130605115932828,0.1311683295887297
THPO,0.09424763339982253,0.13125960374340287
APOBEC4,0.10530556672765823,0.13142040752477796
TREML4,0.09524457466451303,0.13163445218075734
TLCD4,0.10323965142537563,0.13223130485486467
GATA5,0.1032137359315919,0.13261893306311692
RNF223,-0.09140794192992467,0.13269695462544367
NETO1,0.10239425967328775,0.1336441796741345
PAQR6,0.09770055188572374,0.1337151404385762
DMBX1,0.09986861859542882,0.13524016928984173
ENPP1,0.07565367397922296,0.13529209004817297
CERKL,0.09855443585699361,0.13550040858472234
H2AC8,-0.10341363262794125,0.13559065912605567
CECR2,0.105010357196173,0.13609148675460667
MAG,-0.08693058534070061,0.13621750203829674
PRR15,-0.05228936677643864,0.13803664287085068
APOA1,0.1048666795574015,0.1387161185789094
TLX1,-0.07704180678601177,0.13933033067818754
CDH7,-0.1008941778856839,0.14030666340166947
SLC44A4,0.054951302674733804,0.14101316309972506
CEACAM6,0.08917091810334005,0.14168755386696222
CACNG4,0.08065211906519823,0.14269322113400476
SYNPO2L,-0.10573006163909003,0.14448795688198823
CLVS2,0.10164854121463959,0.14494303697074795
BRDT,-0.10121743449058405,0.14515142972340134
BSN,-0.09939267197499074,0.1455914589553456
USP9Y,-0.1056123488580245,0.14659137529846708
KCNE4,0.09350784824264671,0.14760874888300754
ATRNL1,0.09789382626443685,0.14761356691008215
SEMA3B,-0.08599238036361456,0.14782521932547155
SH3BGR,0.09363122755138702,0.1483404056678382
UGT2B10,0.09928099526652853,0.14926216226725847
BPIFB6,-0.101647655018617,0.1499984735410592
CST5,-0.10013014476719809,0.1503129951266214
SOX2,0.09722625799033055,0.1527252348968311
SYTL4,0.08521789470066776,0.15274438044912708
SNAP25,0.1043430230912336,0.1534317967838763
TTK,-0.08478566105276664,0.153716307175506
PROZ,0.09618323289848499,0.15592915024785145
LRRC53,-0.10578623192282471,0.15707069419027667
GSTM1,0.09722443380550308,0.15819836078464922
RRM2,-0.09383488497516013,0.15877040126107148
FAM72A,-0.08951310853531677,0.15918577174410947
CASP14,0.08729480508558161,0.15968742404164915
TEKT5,0.08431096893183707,0.15973822522705633
ATOH7,0.07321046686686355,0.16023573362052984
SFN,0.08091549298674862,0.1605716151848044
DYNLRB2,-0.06322076183601122,0.1613205383528055
C1QL3,0.09530285187357813,0.16206458041876676
DMP1,-0.0949315355922768,0.16381291206032436
NGB,0.08757106287367787,0.1652785756209653
SYTL2,0.07865996092998825,0.16558697786151386
GPR158,0.08916253817349382,0.1665047235402715
USP41,0.09477355969752341,0.16654033161061654
ASTL,0.09350351289472894,0.1665479766180499
PPP1R14D,-0.08858369372808947,0.16686434679148493
CACNA1F,0.09436177433085295,0.16779315459239055
IGFBP2,-0.07696389810726598,0.16831524491248392
GATD3A,-0.09182765804751541,0.16954478005702353
HOXB13,0.09284589227398975,0.16957628721345167
RBFOX1,0.09419078886583605,0.17137293412354096
NOX5,-0.0935300199481048,0.17145476361865516
SERF1A,0.09259525814541772,0.17259551293866462
GLIPR1L2,0.0841921796330056,0.1730962321990215
MS4A15,0.09143567836922474,0.1738777565868976
PYY,-0.09084951603362137,0.17525229346400997
THSD4,-0.0623778201456795,0.17688665142652443
MCHR1,0.0942762368260891,0.1770880423427536
DRC7,0.09463900473456481,0.17747548965414375
TBX3,0.07759493663157879,0.1778935526508353
DDX3Y,-0.09718938106584424,0.17833212883484148
H2BC3,-0.08676806704682481,0.17839493024476694
MSMB,-0.09052460053466474,0.17901693301931168
TTR,0.09556453790020428,0.17930497295091818
PREX1,0.07652858818974526,0.17987006271350583
PSG9,0.08939724274973271,0.18145001682854064
GRM8,-0.08613825401043085,0.18169641064179087
CDH18,0.09333327828919881,0.183470007818068
NKX6-3,0.08079593613913666,0.18518107163479522
VWA7,-0.09097147719723489,0.1868469111571102
SYDE2,0.08345469771652685,0.1874755149855468
CHGB,0.10022248958906214,0.18808341019766928
CBLC,0.08237449199839232,0.18836664248540982
SFTPA1,0.09208728816668012,0.18888076692345218
EFNA3,0.08655091488998078,0.1895198502422822
EFCAB12,0.07444786817169213,0.1902808774096924
CLSTN2,0.06727337298675368,0.1905129814844708
ASIC3,-0.08820285083623458,0.19087619123903382
ADGRG7,0.08261895727158501,0.19216909579829297
JPH1,-0.08937319854117641,0.19238724392213802
UNC93A,0.06893799906325246,0.19354491184559197
TTC36,-0.06736905091852413,0.19452399576189403
TBC1D3D,-0.0892251187174967,0.19454991061206642
WDR17,0.08939791201608657,0.19495712341915622
XKR7,-0.0960178009400615,0.19554915558161273
C1orf158,0.09067357442662238,0.1972005569732046
DQX1,-0.08747196638978708,0.19726664734527252
SPDYC,-0.0891640358421029,0.19934557805485834
KLHL11,0.08468734087060611,0.19953847453564938
FAM83D,-0.08094620831459884,0.2011920094768342
PTPRN2,0.08573631598695422,0.2044087592048971
SRMS,-0.05903169455736995,0.20597897019719272
CTAGE9,0.08446600133017065,0.2071455242932303
HAL,0.08906200609770917,0.20794979541479935
SDR9C7,0.07728545345003288,0.20827526588463455
LDLRAD1,-0.07071345731797096,0.20882025617455197
GAL3ST2,0.08699405847598385,0.2097989115870549
ERICH2,0.07666054107563924,0.20997547028102684
NELL2,0.08640782861148982,0.21033282033903852
HTN1,0.028005277923301958,0.21113208608943534
TUBA3E,-0.0782929637372198,0.21142974995274275
ADARB2,0.08231032560724183,0.2138887848924494
KCNC1,-0.08757626870333544,0.21395269728943792
CDHR5,0.08314596589839854,0.2159188878054708
TBC1D3E,-0.08079582527157991,0.21627148349367142
VRTN,0.04020486637013526,0.21647031145157053
KLHL1,-0.0918994774477548,0.21683305970784775
TCF24,-0.084783413108135,0.2170235389159477
BCAS1,-0.05664063965561017,0.217558981612809
PLA2G2F,0.07600825923639296,0.21939048179655712
ZNF552,0.06044002499049278,0.22437874305907302
PODXL2,-0.08460809786881526,0.22495927731846665
CNTD1,-0.07460754066191927,0.22587181440519338
F12,-0.08213815131650007,0.22609611369576785
VWC2L,-0.08401700219071621,0.227144953879642
NXPH3,-0.07339812110548286,0.22763781395493213
ADORA1,0.08163067478162289,0.2281895198036905
CRISP1,0.08414267672286814,0.22827501411051573
AMBP,0.07394766665740937,0.2288331514225898
DLX1,0.08346114415389828,0.23150018715751594
AQP6,-0.0767595446658122,0.23376098539729137
SYT5,-0.0845153546497392,0.23392520833333283
TMPRSS4,0.0803318768109365,0.23561519712991444
KRT13,0.08058391034462326,0.23693127777116305
LRP8,0.06993336138385914,0.23818230556106845
NEUROG3,0.08573555898825144,0.23829942107803964
DMC1,0.07614340927072448,0.23897289692629708
RGS9BP,0.07710685237704751,0.23905857690862573
AZGP1,0.06189047500583908,0.23968119443829755
CFAP77,0.080504291240552,0.24001898105455394
MISP,-0.05571977287679447,0.24005431133967783
ZBBX,0.08095034183797717,0.24131179643430412
GALNTL6,0.06829013409653517,0.2420067947909622
C12orf56,-0.07180247093870032,0.242716488538236
MUC21,0.0789625708889895,0.24403160250841036
GSTA2,-0.06975665082363508,0.24491549016248934
COX6A2,-0.07961231636066408,0.24651947622975967
PPP4R4,0.08009323811268165,0.24903687291172966
CES4A,0.07996046871124765,0.2491092259719598
KHDC1,0.07542011395233929,0.25004863695009355
AMDHD1,0.07570748291677137,0.25143706572229657
TRPS1,-0.07278183486485999,0.25144211354356616
CCNB3,-0.0702765692246657,0.2515567547685253
CACNB2,0.08112561707167265,0.25243112932157563
FOXA2,-0.06108406641725629,0.2533766681926697
HOGA1,-0.0707360342841937,0.25423603158875724
SERPINA5,-0.06845498273126865,0.2554051985750695
ITIH6,-0.05765698825382576,0.2557096225209742
ROBO2,0.07489067147108064,0.2559838915826535
REEP1,0.059207788158040286,0.2561878555042341
CCNE2,-0.07518797884559429,0.2568999034755368
CAMK2B,-0.07438833955578611,0.2581017145571347
ZNF730,0.07280268922294045,0.2584460498147451
PRPH,0.07510592059975127,0.25849261613246205
PRDM13,0.031371843839606894,0.2606948189441162
ADH7,0.07648040234183755,0.26157928892741256
CDHR3,-0.08148705093491818,0.2620259775636772
ABHD12B,0.07706533002065682,0.2626971485515306
VAX2,0.07315076189653287,0.2642898548314
HMX3,0.07588998433039346,0.26503961390109065
ONECUT1,0.07506410972253216,0.26516982655010346
CERS6,0.06685814859586436,0.2666128755280989
GLRB,-0.07340218789291805,0.2672205170655015
RND2,-0.07194713392614932,0.26796327769261097
INSM1,-0.07982480241255471,0.26796994515840544
C2orf50,0.07568666616356626,0.26811159380210314
PPP1R36,-0.07467303409792116,0.26841934165755926
KCNQ2,-0.0725097836076508,0.2721136107693578
H2BC18,-0.07579837385832303,0.2731679644068854
CYP4F2,0.07540677364159333,0.2733821201700571
WNT9A,0.0653574025230105,0.273583251084806
AGT,0.07190312215969198,0.274733217159031
TMEM151A,-0.07357272866003164,0.2752285954503627
RALYL,0.07083671922913459,0.2772387598430813
KIRREL2,0.06740221279474892,0.2795784921352862
FAM178B,-0.07177141827261947,0.27959803088464275
AL049839.2,0.07072572906914085,0.27993663917298495
FGF21,-0.03500471747185746,0.2813406808478948
MYB,-0.046798920135387556,0.2836902676235188
MORN5,0.07449293879422308,0.2842784997944703
FAM72C,-0.06514701869357517,0.2843913252985546
ATP6V1B1,0.07448600200104243,0.28487887172250353
SULT1A2,-0.06665351936573666,0.28580185177899725
MED12L,0.07113366152939268,0.2867363077257084
CELSR3,-0.07377273180171381,0.2910400678324771
MAGEA11,-0.06459739563413193,0.2910520463671207
STC1,-0.07391505926846031,0.29243595236621456
SPRR1A,0.06414421675431213,0.29291666843394204
LRRTM3,0.06834378551989889,0.293251482518423
HSPB8,-0.07029964082242995,0.2953051909312906
TACR3,0.0715690290870858,0.29551589302709175
NSG2,-0.07286417768204784,0.2956866736772669
RBM24,0.06991061069656954,0.2964021261884883
FAM163A,0.06528815685269633,0.29652879688375816
KREMEN2,-0.07126453247115713,0.2965756247333991
LKAAEAR1,-0.07158302302749327,0.29776370352543924
TNNC1,0.06410602556721975,0.2981354488789436
TUBB4A,0.06273193982169226,0.3000988689858419
PRR15L,0.049939749850277965,0.30071506060053277
SOX3,-0.07374448469768641,0.30081906710078177
TSPAN1,-0.05176532242624432,0.30105585915244454
LMX1B,-0.04585256377026786,0.3020007912766452
C1orf105,-0.05677034593178697,0.30233172457811375
UGT2B4,-0.07372631300631718,0.3049372899847221
PLA2G4F,-0.049507275538767326,0.3055344677000607
TBR1,-0.056979838486318074,0.30583086842936774
CIB4,0.06018963864861497,0.30610847542035613
H1-6,-0.0698956629725698,0.30684014135117044
SCX,-0.06758085950924543,0.306841185723185
UGCG,0.06180468068593545,0.3100629832634805
CR589904.2,0.06921463216050151,0.3105909321293361
BCAM,0.05030448308351765,0.3111971906407865
PRAME,0.06440820167247788,0.3114539686570753
CTAG2,0.05888494947842797,0.3115907156660374
UGT3A1,-0.07178073531611584,0.3118401745746164
GRIN2C,-0.06948566629306901,0.3121769227408473
LFNG,-0.05836192654977315,0.3128328526473114
SLC8A2,-0.07191939318594061,0.31516928749519546
KCNJ11,-0.04353492247100543,0.3167040645126515
SERPINA12,0.06730499126309863,0.3170772616035403
H3C6,0.06896595599479607,0.31751608673660714
RIMKLA,0.0660705523171204,0.3189474719691247
SLC22A25,-0.06986366395076568,0.3199161574656523
CFAP99,-0.04797862814253434,0.3200365465150189
PRAC2,0.06123257885327045,0.32147626301559107
LMTK3,-0.060474363582770724,0.32228828538982907
ACOX2,0.05661038543119851,0.3228701259856206
KRT24,-0.06909549954205738,0.3257508337787446
APOF,0.06140535023129842,0.32742296538985466
CBSL,-0.062482913912724536,0.3277825797635451
ANKRD62,0.06189840467153643,0.32898745113605704
CA12,-0.04051326791162824,0.3293850611059665
CCK,0.0564190748915305,0.32978666688965647
AC007040.2,0.05984736895523135,0.330247857889029
PBOV1,-0.06460731749722545,0.3310689538726334
CNGB3,0.06492830804825989,0.3320056508788513
CCDC177,0.06372269272277448,0.332240535054508
ALG1L,-0.06816314214185001,0.33238759906492366
FAM111B,-0.06403701145480842,0.33301148656728075
SLC22A10,-0.0657966773183383,0.3346364888275346
SLIT1,-0.07212506570466554,0.3349893669149984
EPHA10,-0.056190210686748066,0.335221154348966
SCGN,0.06540983551629102,0.3356585232630987
APOBEC3B,0.055932196472101556,0.3357389734815403
ASIC2,0.06832785214228694,0.33729819817692563
SMPD3,0.05795102398477556,0.3374393654746522
PPFIA4,-0.06563122692573069,0.3383514840905605
RIMS4,-0.059970513617124466,0.3388432314527401
KRT20,0.06306280488172976,0.339294044292149
CCDC170,-0.0449715144773431,0.3398930098003295
PPP1R42,0.06446342534558389,0.34028134238622487
EVL,0.05778841104636134,0.34043447483819617
AMER2,0.05998335534963749,0.3406414472631898
CA11,0.06754295769523386,0.34358283496462827
OPRD1,0.06463441544273484,0.34374772348235266
MYOT,0.06733117455263707,0.34378660240543135
HUS1B,0.06946103322052768,0.34468294443130115
SPATC1L,0.06037764017833099,0.3452085052914756
SPACA4,0.061324501929494735,0.3462737758040657
NPIPA3,0.06277162165956725,0.34802532982065476
THNSL2,0.0650548294726921,0.34842326851711236
CCDC154,0.06131576721865306,0.34842700694509926
GPR22,0.060755594139075844,0.3492342725033372
FBXL16,-0.05553713697946444,0.35030122338852143
FBXO15,-0.05501571792435578,0.35061070084123774
WDR93,0.05642761531727605,0.3521657366081572
GDAP1L1,-0.06245053693717187,0.35490431741937756
PERCC1,0.05686077803040537,0.3561134351728722
PAEP,0.05923028600206489,0.35622102452433735
MAPT,0.04779201048042697,0.35702850072554304
CCDC60,0.06269306818587062,0.3574493791361986
ADCY1,0.05854183311347522,0.3629206488528337
VSX1,0.06253037356193886,0.36325724764890144
ARHGDIG,-0.05862937448214051,0.36345838991430424
KCNU1,-0.06457545752757615,0.364579063590339
CLDN9,0.054343378515287866,0.36525718817269354
ARNT2,0.05835478919726718,0.365442206901291
NPIPB2,0.061297700225789294,0.36723074788591975
KRTAP5-1,0.059998891434056886,0.3676479695203268
TPRG1,-0.05584299048867905,0.36825594980977255
RIIAD1,-0.052654671425304445,0.37004739517835705
HGFAC,0.060782163426196446,0.3703909493219987
FAM72B,-0.05470274248729115,0.37124971748879615
SOHLH1,-0.05794895365250593,0.3712729292517586
TGM4,0.06388388237604173,0.3723860909020646
ANKS1B,-0.05254183001544918,0.3736786125060486
GRIK3,0.05190648521975397,0.374468268030793
TTLL6,-0.061072871446844375,0.375604209547121
PNPLA5,0.04904903775440306,0.37736642072018556
CNFN,0.058886543610488486,0.37741654116578655
SPDEF,-0.023904425858064182,0.37989025162005663
DNALI1,-0.03933427600305872,0.3813385819955728
SLC35D3,0.06046731266539905,0.382111799074808
ANKRD31,0.05982863723339753,0.383015681750633
CACNA1H,-0.05597839825550113,0.3840199764137277
SCNN1G,-0.061355152008092266,0.3848781204266454
LYPD6B,-0.0526911670432072,0.38618701612895834
SLC28A1,-0.048478165244096566,0.3869589662195572
CHST1,0.058063739881432486,0.38809189232334623
HSPA4L,0.05659867106348167,0.39048661789250366
GIPR,0.05094622534408014,0.3917742136377346
RSPH1,0.04693379669005404,0.39307843049998753
CHRNA2,0.061025108712964266,0.39367332007908384
MEIG1,-0.04641743380250005,0.39370471297979753
PRSS2,0.05844901634803314,0.39412538823121807
FAM95C,0.05762654494703742,0.39440815115886313
SYN1,0.06076945447602271,0.3964539293960328
HTR2C,0.05236696342390562,0.39910041745459784
SAXO2,0.05275914599548781,0.3991735107802877
PAH,-0.057828539587796185,0.3999622786087207
PAX2,0.05233203320670338,0.402837415479092
FOXD2,-0.0520029271562257,0.40403286834782653
GFRA1,0.043783770429762225,0.40456492766572777
FBP2,0.056147150729439856,0.40476127104724
CELSR2,-0.05529806261991141,0.405911114222663
GLYATL3,-0.059341777809611446,0.40760907021853066
TMPRSS7,0.05553432520317665,0.40972533011488416
GLDC,-0.05558317241070508,0.41015093090990834
GDPD3,-0.05889028270340233,0.4105701290738027
H2BC10,-0.05114808038266657,0.4107952247988894
H3C1,-0.05013027522698718,0.4110879288292292
CNTN5,-0.05338257403038564,0.41313929481319844
FBXW10,0.047013112559809694,0.414007736663897
ZG16B,-0.03118125689661083,0.41455087620164194
DDN,0.04353929794407174,0.41620734210768456
ABCC8,-0.036552122363641304,0.4164162188325773
TRIM7,-0.054809726675414255,0.41823134946265444
SPATA4,0.05115512451950788,0.41928235723103835
LMO1,-0.04694995860509052,0.4198844325783983
HSPA2,0.052529154644648135,0.4217377966774875
SLC28A2,-0.05501991722046255,0.4222567347948951
MFSD6L,0.0537302147391376,0.4262920992850877
NOVA1,0.04923950361505358,0.42834685250980525
C4orf51,0.03521236199240138,0.4302009784661171
KCNK15,-0.04099830064148202,0.43160965566464343
MAPK15,-0.0539362731114221,0.43167956906017946
CALY,0.055671752482630746,0.43245382358354245
CHST8,0.04917749545637942,0.4333044747309119
HMX2,-0.053754874117461854,0.4337409571044039
S100A14,0.050544159231727816,0.4377808464936305
AMH,-0.05083707626582816,0.4390575108355395
NPIPB15,0.05276895111210633,0.43909276856802876
ALOXE3,-0.05141869382001549,0.43924847372532994
NRCAM,-0.053194219689819744,0.44117412891836433
OTOG,-0.03903636614090886,0.44158791804493436
ITGA2B,0.051767575296593565,0.44194649659131724
ASPM,-0.049124121217142214,0.4422064240935708
ARL17B,0.04983383260738534,0.44392565675170254
CRYBB2,0.04852817684428429,0.4442670428944969
CFAP61,-0.04189335427034252,0.4468230088565191
HAPLN2,-0.05131293435676498,0.44899957242527677
MUC5AC,0.05165201302361677,0.45027709897934015
DACH1,0.03884854500441842,0.45234348334800717
ALOX12B,0.05014976949348054,0.452888986400141
INPP5J,-0.037638376910230587,0.4539355274858314
SYT10,0.05088157736916969,0.4556436878012631
LRP2,0.04735693677878278,0.4584444000677567
CACNG6,-0.05420861860732655,0.45849175563566413
MPPED1,-0.05127558965878197,0.4629799906279845
TBC1D9,-0.03313392342157112,0.4630895296763571
FTCD,0.043523166606617814,0.46309202011092493
FASN,0.04779915193474843,0.4651219268239437
GREB1,0.038768513967268714,0.4656525791867628
SMN2,0.045954412712179205,0.46671621762135923
CKMT1B,-0.048727868144809915,0.46802993635369666
WDR97,0.050445485331902004,0.4697324253909272
ADCY8,0.04626484880053895,0.47022306305798794
CCDC74B,0.04377750137855574,0.4706141453983236
FAM183A,0.04410999804849117,0.4711399676247769
AC109583.1,0.04972339286064634,0.47116152987855475
LDHC,0.04904588148566538,0.47173045427749416
SAMD15,0.04040198177113852,0.4717512283897103
ANKRD30B,0.039033020839291444,0.47227667744216373
KLHL38,0.04377439496833113,0.4726697363200969
CEACAM5,-0.04158353740487486,0.47455417083970003
CLDN3,-0.040443820344858265,0.47515357214454346
BEX1,-0.05157704299712816,0.4752264631996445
CERS1,0.046867257733517076,0.4756143310818207
CKMT1A,-0.04735800213011364,0.47677468467278816
CIART,0.04744057286096422,0.47685323046726547
IGSF23,-0.03291316629542573,0.478397182131343
NCR3LG1,0.045482668470549444,0.4794574650936858
GRIA1,0.04977619259966207,0.48142928484096176
CPA6,-0.04832869622185537,0.48175998860569397
SFTPA2,0.04675215561827736,0.48410872336091637
C3orf52,0.04715173092536776,0.48643851813899036
BPIFB4,0.04185303609234878,0.4876710979643808
SAPCD1,-0.04661696583429215,0.4881581238208446
EFCC1,0.03843168024597082,0.4883898287557906
TH,0.046077687636106104,0.4896184981369559
TMEM179,-0.0461061660917321,0.48987825049652123
OVOL1,-0.04172466710316586,0.489943520597148
KIF6,0.046443639824617224,0.49159751064326157
MAGEA4,0.030863318251561217,0.4932128055018289
FIBCD1,0.04598675719019672,0.4990498463351843
SLC9C1,0.04408698776549891,0.5062706425817695
MEPE,0.045727654339565334,0.5076651871797634
BCAN,0.04129633908773774,0.5094512448119843
E2F7,-0.04294752781239447,0.509760883991511
GRB7,0.0431516438022408,0.5100746318146174
CNIH2,-0.040769628335612165,0.5118518600354306
WFIKKN1,-0.04266677001074909,0.5125280545694079
CPNE4,0.04556682317667501,0.5128112256930762
MAT1A,0.04416022635301231,0.5132754232186276
CBY2,0.04421127816204087,0.5147484240244324
ATP1A3,0.046272385709949744,0.5164774085436654
MAGEB1,-0.02910161156464705,0.5165057797625945
VAX1,0.02631845292503393,0.5169188678377837
GPER1,0.04660048460794185,0.5175034714047393
TPPP,0.041108936972068494,0.5189449612165035
GRM4,-0.04174382563799384,0.5206691229434515
TMEM121,-0.03991908626785878,0.5215167496388015
PGPEP1L,0.030255179875260108,0.5222653323662262
PRSS1,-0.043604508004006316,0.523353629285696
CFAP65,-0.043403539133593516,0.5243954722561617
EMID1,0.04129159480787532,0.525395638487706
PLAAT2,0.03447564543119158,0.5262661239112412
SLC12A5,0.04528602613281005,0.5271279528480195
MKI67,-0.040228144806990385,0.5322647172999544
TUBAL3,-0.04052703389066441,0.5327472663376625
CCDC74A,-0.03757406330838961,0.5357658141175494
NUP62CL,-0.040049887909655024,0.5359235146568206
SLITRK1,-0.04235206289916256,0.5408739921731381
NAA11,-0.034414256963035406,0.5431944330285964
CLEC3A,0.041504040465417225,0.5468924248479701
CHGA,0.04454520895666549,0.547740553199219
ACBD7,0.03660511983722614,0.5492519013602284
AC093512.2,-0.03359160946376827,0.5500770528767626
SULT2B1,-0.03423017362464753,0.5541020973446246
OTP,0.037152311348726944,0.55452511967765
LHX1,0.04155980596734914,0.5567366876627396
PGLYRP2,0.03419892102948269,0.5619421276084029
DAND5,-0.037515622119017294,0.5623404194250484
C1orf194,-0.03682429691027744,0.5652008269049824
KRT3,0.03381655701189118,0.5655986524375589
PHLDA2,-0.038216859832044085,0.565729315976308
SLC30A8,0.03856353613463229,0.5664676497282827
POU3F2,0.033171178333107024,0.5678415752046282
SLC5A11,0.03694981771595596,0.5701416591387691
CCDC185,-0.03738668282833753,0.5715093091825323
CHADL,0.03637305692572855,0.5719714029967686
ISG15,-0.038075625825240295,0.575284011974491
SERPINA11,-0.030460248422481295,0.5757481553766779
CFAP91,0.034693217530858717,0.5775792841570936
BCL2,0.03252162092227176,0.5794944486775312
SYCP2,0.035668664978625225,0.5841958763754166
PPP2R2C,-0.03720108658423759,0.5850583643311621
ANKRD18B,-0.037126677187681104,0.585131515422141
C5AR2,-0.026183748127314665,0.5861765631142081
IFI6,0.03739725977602369,0.5863177988217745
MAGEB2,-0.034723896821900774,0.5863480268646595
AKAP14,0.0380818148456239,0.5872325342467056
CENPV,0.03483940321284343,0.5921238164376598
SPRR2D,0.023692917890557635,0.5929509642527788
POTEC,-0.03802085921211118,0.5951224819768549
SPRR2E,0.025956546920835516,0.5964500946828638
BARX2,0.034963489043891044,0.596926449184255
BEST4,0.03592181292316664,0.5970301494952515
SCN1A,-0.03340593088686461,0.601868324014119
GPT,0.035345927122827664,0.6032682236182277
KIAA2012,-0.035936819303296966,0.6051618302457468
MPP2,-0.03234137068726303,0.6061329918925199
TRPA1,0.037206506211055354,0.6069986756679854
SLC5A12,0.03588027156751959,0.6071500368293321
ACMSD,0.03447872489878115,0.6096835074186457
HS3ST6,-0.03380158312761651,0.609721501560475
RLN2,0.034602305474553466,0.6106025265343286
RAB19,0.02679398323069976,0.611459009060806
C9orf116,-0.02622599199118475,0.6118938767890578
EXOC3L4,0.032554127099666125,0.6134769416561401
PDX1,0.019707707242629074,0.6148622892786939
CDHR4,0.03439266096574492,0.6157314917067506
FGF12,0.034792027795048856,0.6176888612393854
AGR2,0.017549816570223364,0.6178776221366477
INHBE,-0.032612358312178805,0.6187154520554549
FABP6,0.03216537670846568,0.6245892473356714
ACOT6,0.03205470117256594,0.6259866958231008
REPS2,-0.030737929484393717,0.6290230640577437
SERPINA10,-0.03345983691908381,0.6316416186222338
ZIC2,0.03148056413517562,0.6360096546543179
DEGS2,-0.020383341862151294,0.6380159008622005
MIOX,-0.029451442462756272,0.6433261810911972
BHLHA15,0.031801009312773576,0.6438368399493825
CARMIL3,0.0314536462662511,0.6459456998954494
SLC5A7,-0.03249971187266462,0.6483842576468112
CNTNAP2,0.02834133925869131,0.6519739994002928
NPIPB6,-0.030696910064436252,0.6539872530961325
BPIFA2,-0.030417392769782715,0.6562574066173246
ANKRD24,0.027310103475503278,0.6593074992039133
RGL3,0.025555617920136553,0.6600773399823665
TFR2,-0.029935686390562433,0.6604129350095103
DPYSL5,-0.025484200610916524,0.6606112834279523
SLC7A13,0.021515902669257847,0.6626187787766179
AARD,0.02834633528630086,0.6626786497884694
TUBA3D,0.02801270808649936,0.6650635885875854
NLRP8,0.02956076066112792,0.6654470981621519
DPP10,0.027213421723590946,0.6664338157998221
LIN28B,0.01188019544921437,0.6666417905774988
TMPRSS11A,0.028802291423209034,0.6702919381173004
FAM166A,0.028708697272818093,0.6703189983325353
AMZ1,0.028785356094705533,0.6704557379420663
PDIA2,-0.024620572062953067,0.6723172612127831
GPR143,-0.02573168628925422,0.6742792222596401
CRABP2,-0.025539945617945745,0.6769694981312536
DCDC1,0.025636071624896728,0.6782565304388704
CELSR1,0.023429824043116554,0.6784383993491767
IFNL3,-0.025654984749415063,0.6816307611195137
IGF1R,-0.023908224474820577,0.6816805409145136
RBP2,-0.02687923089330635,0.6817430764152961
PWP2,-0.027104839280041162,0.6817572501592459
MAGEA9B,-0.018447215335024844,0.6840657258331476
TLX2,-0.0269447605740356,0.6849677875018833
GCM1,0.027140169204144082,0.6868111702387714
LDHD,0.023863430015815507,0.6873328781149005
DISP2,-0.02881162494503884,0.6883480068742751
KRTAP3-3,0.029536194394573848,0.6890257724762338
FNDC11,0.02423297318152015,0.6928078714441774
SERPINA9,-0.02473035032960305,0.6938165685136669
TBX1,-0.0263875386639818,0.6954374857560082
SRRM4,-0.027084372153117573,0.6958098481900088
FOXJ1,0.02457401871771908,0.6978415880160364
DENND1B,0.0270009592525996,0.7063072455630715
CALML6,0.025485241419262047,0.7064103783010649
LHX9,-0.023968581413750994,0.7087646024980733
C1QL1,0.023652505413153075,0.7091313606271885
DHRS2,-0.02299082229454344,0.7092402440145197
IL17C,0.023784278506344958,0.710394707675366
PRRT1B,0.019085801375887,0.7131496436290983
CYP2W1,-0.022304765472853448,0.7145664895567166
TTC39A,0.017707451087490778,0.7185172832146569
NPIPA5,0.023798842787240697,0.7193751668560739
CACNG1,0.02170795697201547,0.7199365000174297
PAQR5,-0.02484276240353249,0.7200142031240252
OTOP3,-0.025819513067355002,0.7200375597723758
NELL1,-0.02575276367803727,0.7202404370721923
STC2,-0.023385111931372493,0.7219815429197187
SEPTIN3,-0.021733158105611355,0.7248998629476909
BPIFB2,0.02099475703324205,0.7268373186312587
CTAGE8,0.02290772370162371,0.7269766532433986
CRIP1,0.019773841532737785,0.7287516686025719
TCAP,0.02474022444878784,0.7288431326079453
HCAR1,0.016360502853219272,0.7313482593373056
NAGS,-0.023685853563719605,0.7324706933401972
ZNF670-ZNF695,-0.020787236770892198,0.7361566087849614
FADS2,0.023305118828483393,0.736605180686011
PAX7,0.02259253291715096,0.7369628376241604
IL36G,0.017821059268250783,0.737002867489181
ZNF695,-0.020018174490719437,0.7388854029901454
FADS6,-0.018289476545483463,0.7394807452538319
SYTL5,0.016612912105981315,0.7419337802089695
LYNX1-SLURP2,-0.020160690679149995,0.7419487671107299
GPRC5A,-0.017645954166132988,0.743106648962183
NR2E3,-0.020402322728600347,0.7437796654957844
ATP2C2,-0.019674450024122964,0.7447257209655338
SCNN1B,0.02222330734238758,0.7451303743006722
USH1G,0.020854978018055664,0.7455518214230529
PCSK4,-0.016527988691914852,0.745687872231652
NPW,0.021310871220174693,0.7527174665213969
STMN3,0.020941682285268548,0.7541035760458282
CALHM3,0.020272804596008054,0.7545386233809278
CCER2,0.02081103947911696,0.754579142819173
KRTAP5-10,-0.020956248840014284,0.7550738873724447
C2CD4C,0.020925902628654403,0.7556215266749736
KIF14,-0.019848810712355752,0.75712277285483
DMRT1,0.012248788802331656,0.758667248629211
KISS1,0.02062018480659935,0.758751117021116
FBP1,0.012868677893412783,0.7594937462643194
C1orf167,0.02128091348635018,0.7625163060754349
RIMS2,0.020653003797287017,0.7641937448998272
H2BC8,-0.020971300019752163,0.767343339323767
ZMYND10,-0.014673250915266944,0.7677733819174123
ZNF280A,-0.013108451914956132,0.7686752244120613
PRB3,0.01968074169567225,0.7722048592818335
ARHGEF35,0.017409838523383625,0.7778615352206579
SP7,0.018837948659194095,0.7793800750181764
MAGEA10,-0.014210965898746805,0.7798514093792119
EMX1,-0.017640161929412396,0.7799223416645518
PTPRQ,-0.019465321970206034,0.7800064855916127
SRCIN1,0.014934814330838542,0.782334258006926
ADCY10,0.019497778280276205,0.7823538335748229
IFNL2,0.017122527640035037,0.7850125358021453
MT1G,0.018530240944836518,0.790326970328549
NTN3,0.01770726553091169,0.7923679893223945
EFNA2,-0.01709741205307743,0.7941284675376009
ZDHHC11,-0.014835404199321528,0.7984045554219984
FOXN1,-0.014652080110316046,0.8018286691504554
SERPINC1,0.016666981530309988,0.8029163126468656
PIFO,-0.01593014132054235,0.8035871101470482
MTRNR2L1,-0.016234885024218347,0.8038580363035924
NHLRC4,-0.015987477808568074,0.8050851493689074
POTEH,-0.01684252481573853,0.8053475929898751
KAZALD1,-0.01621635352810205,0.8064904108403534
NPNT,0.013394278785081537,0.8081785400606399
FSTL4,-0.012476296539550014,0.8085552703140666
ERVV-2,-0.014646704677613281,0.8098572793852373
WDR72,-0.01575200704003235,0.8140558764139605
MYT1L,0.014898886847439757,0.8164098401972304
ERBB4,0.009299802464893925,0.8193456761368982
IFITM5,-0.01616547113143768,0.8211557406941621
LMOD2,-0.015588332423204572,0.8220029038126535
C10orf82,0.013950926939575448,0.8265334844570541
SUSD4,-0.014657555665183598,0.8265889582677022
NKX2-3,0.01283835988985585,0.8277448146107921
RASEF,0.012122888024142242,0.8285058301014142
H3C8,0.01464991430537993,0.8303162134203173
H2BC11,-0.013750354799597991,0.8328549499650633
E2F8,0.013960205720855351,0.8367500659274602
COX7B2,0.011806630152704362,0.8374392889136278
EPHA6,0.014234242032693613,0.8375475991080975
SLC25A41,-0.012916420578197835,0.8444179513517002
RTN4RL1,-0.008803109614933413,0.8534900634515344
TBX4,0.011436572289806171,0.854425709652696
CSAG3,0.010402735804623059,0.8546855900812517
H3C13,0.012042620448299061,0.8554588360507013
PPP1R1C,0.012535701273500562,0.8560782881140774
REEP2,-0.012057337134982811,0.8597224616546889
ANLN,-0.010870096461284673,0.8601631037255685
H2BC9,-0.012239570463536013,0.8611991183320586
DISP3,0.011798355306358171,0.8621567392547089
DDC,0.010973897108876113,0.8646633056115949
MSI1,-0.011551395057852687,0.8646999400390148
MC5R,-0.01123097082828274,0.865074556189949
DNAAF1,0.009575012908749347,0.8675733774535322
KASH5,0.010789327358548262,0.8683721240101901
MTCL1,0.010753267652035117,0.8701332160664093
MAGEA1,0.011151332479060735,0.8714538247444601
ARFGEF3,0.008362601518901613,0.8717863755558247
VSTM2A,0.011126185446568848,0.8730679829631902
FBLL1,-0.010820038231524942,0.876571168169632
FAM110B,0.009003994774765989,0.8772953575167985
PVALB,-0.010560989690810957,0.8785004830672772
EPO,-0.010535169216997441,0.8796524002314086
ZDHHC11B,-0.00985651940284303,0.8817693949205594
DNAI1,-0.009400900996999001,0.8822281589620178
KSR2,-0.009080219631359382,0.8831789039247244
EDDM3A,0.010101220958818805,0.8853583411657138
ADAM2,0.009686066400269745,0.8898981771636385
ECM1,0.009099282585276036,0.8936568131109938
SYNGR3,0.008648534438056472,0.9016442430893649
PNCK,0.00858626949547506,0.9023589809456619
ZNF716,-0.007456297436405534,0.9073090759658208
GNMT,-0.007530658076591756,0.9073385710186052
KCNF1,-0.007866353455764086,0.909086808911618
SLC25A48,0.0074479715550863634,0.9092111892960307
DBNDD2,-0.007326405860293428,0.9102690784367802
TRIM15,-0.00490961414541205,0.9122615629350694
C5orf38,0.007055189030656717,0.9178942815570427
CA9,0.005767590903270781,0.9195394695765287
SIX2,-0.006334860108709872,0.923400905139939
LRRC19,-0.006433886361934296,0.9237656136312616
GDPD2,-0.005998655669718484,0.9272193118912635
SLC7A11,0.005660255674135001,0.9333564508717959
GOLT1A,-0.00524681527536093,0.9343187537721702
MS4A8,0.005120071561464157,0.9346457395670218
BIK,0.004435634986318937,0.9388373236643641
MYCBPAP,0.004839252852286952,0.940353780875506
SLC7A5,-0.004404038693496259,0.9412502713161275
AWAT1,-0.005032399075308322,0.9415465391841934
ZIC3,0.00463191540944588,0.9423172454696919
DGAT2L6,-0.005061408842947021,0.9427253625143118
SEZ6L2,0.0049055563577442285,0.9437444889531692
BAIAP3,0.004165080600972759,0.9444583908577803
FAM131C,-0.00405134623536843,0.944914389824268
RIMS1,0.004530751339005906,0.9454222601194864
GGT1,-0.004757907955295359,0.9457422982821163
HNF1A,0.004786004305216682,0.9458338500961002
CDCA2,0.003577112884440903,0.9485930723648628
KCNC2,-0.004523889345797255,0.9489309952323832
XKR9,-0.003985295974330047,0.9508445987589805
FBXO2,-0.0038750758000571494,0.9539315361214955
PHF21B,-0.0037768840615260146,0.9561495602163569
CTAGE4,0.0035223175296254516,0.9572411658991039
TMEM61,0.0034061313982407665,0.9573891303810116
ADGRB2,0.003084105458393105,0.9582200043259633
GABRA3,-0.0031208218054110393,0.9588730725974686
SEZ6L,0.003281704552048681,0.9604369146251457
SPRR2A,-0.0024354248081510377,0.9616339337442785
IGFALS,-0.0028369427109115053,0.9627512667866533
PIF1,-0.0027100534541663612,0.9635259084851796
NPY1R,-0.002900411814116599,0.9659329841121143
PRKY,-0.0027853631615126495,0.9659412989195019
RIMBP3,0.0026576674490759455,0.9681802206439789
GRK1,0.0023081902581471303,0.970169489165316
TFF3,-0.001315919687581213,0.9737250140576432
GLOD5,0.0018677266509033175,0.9767202363850819
CYP2F1,-0.0014212511526244392,0.9774120057772764
RAPGEFL1,0.0017169635936857691,0.9800366144176509
RAB30,-0.0014381696540513023,0.9814712562285189
ANKRD18A,-0.0010687379200109218,0.9874727054562653
TLX3,0.0004277423440786632,0.9879272941443916
ACADSB,0.0005875667627824321,0.9914382493771127
SPAG17,0.0004429567679904989,0.9947606972147144
KRT33A,-0.0003572688141369948,0.9958281114548194
DNAAF6,0.0003152502824500941,0.9963886370118744
CFAP251,0.00019569937631160397,0.9976423574675473
TMPRSS9,-0.00016984412780070984,0.9980608449607243
